timestamp,site,marca_buscada,produto,preco,url
2026-06-24 10:37:46,Sonda Delivery,Heineken,"Cerveja 0,0% álcool Heineken lata 269ml","5,49",https://www.sondadelivery.com.br/delivery/produto/cerveja-00-alcool-heineken-lata-269ml/1000045527
2026-06-24 10:37:46,Sonda Delivery,Heineken,"Cerveja 0,0% álcool Heineken long neck 330ml","8,02",https://www.sondadelivery.com.br/delivery/produto/cerveja-00-alcool-heineken-long-neck-330ml/1000034755
2026-06-24 10:37:46,Sonda Delivery,Heineken,Cerveja Heineken barril 5 Litros,"132,21",https://www.sondadelivery.com.br/delivery/produto/cerveja-heineken-barril-5-litros/1000007871
2026-06-24 10:37:46,Sonda Delivery,Heineken,Cerveja Heineken Lata - 473ml,"8,13",https://www.sondadelivery.com.br/delivery/produto/cerveja-heineken-lata---473ml/1000051283
2026-06-24 10:37:46,Sonda Delivery,Heineken,Cerveja Heineken lata 269ml,"5,49",https://www.sondadelivery.com.br/delivery/produto/cerveja-heineken-lata-269ml/1000042610
2026-06-24 10:37:46,Sonda Delivery,Heineken,Cerveja Heineken lata 350ml,"6,81",https://www.sondadelivery.com.br/delivery/produto/cerveja-heineken-lata-350ml/1000007872
2026-06-24 10:37:46,Sonda Delivery,Heineken,Cerveja Heineken long neck 250ml,"6,59",https://www.sondadelivery.com.br/delivery/produto/cerveja-heineken-long-neck-250ml/1000007927
2026-06-24 10:37:46,Sonda Delivery,Heineken,Cerveja Heineken long neck 330ml,"8,02",https://www.sondadelivery.com.br/delivery/produto/cerveja-heineken-long-neck-330ml/1000008685
2026-06-24 10:37:46,Sonda Delivery,Heineken,Cerveja Heineken long neck 600ml,"15,28",https://www.sondadelivery.com.br/delivery/produto/cerveja-heineken-long-neck-600ml/1000007926
2026-06-24 10:37:46,Sonda Delivery,Heineken,Cerveja Lager Puro Malte sem Glúten Heineken Ultimate Garrafa 330ml,"8,02",https://www.sondadelivery.com.br/delivery/produto/cerveja-lager-puro-malte-sem-gluten-heineken-ultimate-garrafa-330ml/1000056064
2026-06-24 10:37:46,Sonda Delivery,Heineken,Cerveja Lager Zero Álcool Heineken Lata 350ml,"6,81",https://www.sondadelivery.com.br/delivery/produto/cerveja-lager-zero-alcool-heineken-lata-350ml/1000034754
2026-06-24 10:37:46,Sonda Delivery,Spaten,Cerveja munich helles Spaten lata 269ml,"3,79",https://www.sondadelivery.com.br/delivery/produto/cerveja-munich-helles-spaten-lata-269ml/1000043131
2026-06-24 10:37:46,Sonda Delivery,Spaten,Cerveja munich puro malte Spaten lata 350ml,"4,89",https://www.sondadelivery.com.br/delivery/produto/cerveja-munich-puro-malte-spaten-lata-350ml/1000039001
2026-06-24 10:37:46,Sonda Delivery,Spaten,Cerveja puro malte munich helles Spaten garrafa 600ml,"9,99",https://www.sondadelivery.com.br/delivery/produto/cerveja-puro-malte-munich-helles-spaten-garrafa-600ml/1000041988
2026-06-24 10:37:46,Sonda Delivery,Spaten,Cerveja puro malte Spaten long neck 330ml,"5,99",https://www.sondadelivery.com.br/delivery/produto/cerveja-puro-malte-spaten-long-neck-330ml/1000050531
2026-06-24 10:37:46,Sonda Delivery,Michelob,Cerveja ultra Michelob lata 350ml,"5,82",https://www.sondadelivery.com.br/delivery/produto/cerveja-ultra-michelob-lata-350ml/1000040890
2026-06-24 11:05:02,Sonda Delivery,Heineken,"Cerveja 0,0% álcool Heineken lata 269ml","5,49",https://www.sondadelivery.com.br/delivery/produto/cerveja-00-alcool-heineken-lata-269ml/1000045527
2026-06-24 11:05:02,Sonda Delivery,Heineken,"Cerveja 0,0% álcool Heineken long neck 330ml","8,02",https://www.sondadelivery.com.br/delivery/produto/cerveja-00-alcool-heineken-long-neck-330ml/1000034755
2026-06-24 11:05:02,Sonda Delivery,Heineken,Cerveja Heineken barril 5 Litros,"132,21",https://www.sondadelivery.com.br/delivery/produto/cerveja-heineken-barril-5-litros/1000007871
2026-06-24 11:05:02,Sonda Delivery,Heineken,Cerveja Heineken Lata - 473ml,"8,13",https://www.sondadelivery.com.br/delivery/produto/cerveja-heineken-lata---473ml/1000051283
2026-06-24 11:05:02,Sonda Delivery,Heineken,Cerveja Heineken lata 269ml,"5,49",https://www.sondadelivery.com.br/delivery/produto/cerveja-heineken-lata-269ml/1000042610
2026-06-24 11:05:02,Sonda Delivery,Heineken,Cerveja Heineken lata 350ml,"6,81",https://www.sondadelivery.com.br/delivery/produto/cerveja-heineken-lata-350ml/1000007872
2026-06-24 11:05:02,Sonda Delivery,Heineken,Cerveja Heineken long neck 250ml,"6,59",https://www.sondadelivery.com.br/delivery/produto/cerveja-heineken-long-neck-250ml/1000007927
2026-06-24 11:05:02,Sonda Delivery,Heineken,Cerveja Heineken long neck 330ml,"8,02",https://www.sondadelivery.com.br/delivery/produto/cerveja-heineken-long-neck-330ml/1000008685
2026-06-24 11:05:02,Sonda Delivery,Heineken,Cerveja Heineken long neck 600ml,"15,28",https://www.sondadelivery.com.br/delivery/produto/cerveja-heineken-long-neck-600ml/1000007926
2026-06-24 11:05:02,Sonda Delivery,Heineken,Cerveja Lager Puro Malte sem Glúten Heineken Ultimate Garrafa 330ml,"8,02",https://www.sondadelivery.com.br/delivery/produto/cerveja-lager-puro-malte-sem-gluten-heineken-ultimate-garrafa-330ml/1000056064
2026-06-24 11:05:02,Sonda Delivery,Heineken,Cerveja Lager Zero Álcool Heineken Lata 350ml,"6,81",https://www.sondadelivery.com.br/delivery/produto/cerveja-lager-zero-alcool-heineken-lata-350ml/1000034754
2026-06-24 11:05:02,Sonda Delivery,Spaten,Cerveja munich helles Spaten lata 269ml,"3,79",https://www.sondadelivery.com.br/delivery/produto/cerveja-munich-helles-spaten-lata-269ml/1000043131
2026-06-24 11:05:02,Sonda Delivery,Spaten,Cerveja munich puro malte Spaten lata 350ml,"4,89",https://www.sondadelivery.com.br/delivery/produto/cerveja-munich-puro-malte-spaten-lata-350ml/1000039001
2026-06-24 11:05:02,Sonda Delivery,Spaten,Cerveja puro malte munich helles Spaten garrafa 600ml,"9,99",https://www.sondadelivery.com.br/delivery/produto/cerveja-puro-malte-munich-helles-spaten-garrafa-600ml/1000041988
2026-06-24 11:05:02,Sonda Delivery,Spaten,Cerveja puro malte Spaten long neck 330ml,"5,99",https://www.sondadelivery.com.br/delivery/produto/cerveja-puro-malte-spaten-long-neck-330ml/1000050531
2026-06-24 11:05:02,Sonda Delivery,Michelob,Cerveja ultra Michelob lata 350ml,"5,82",https://www.sondadelivery.com.br/delivery/produto/cerveja-ultra-michelob-lata-350ml/1000040890
2026-06-24 11:05:02,Sam's Club,Heineken,Cerveja Heineken Ultimate Long Neck 6x330ml,"43,74",https://www.samsclub.com.br/cerveja-heineken-ultimate-long-neck-6x330ml-7896045507702/p
2026-06-24 11:05:02,Sam's Club,Heineken,Cerveja Lager Heineken Garrafa 600ml,"13,48",https://www.samsclub.com.br/cerveja-lager-heineken-600ml-0000078905498/p
2026-06-24 11:05:02,Sam's Club,Heineken,Cerveja Heineken Long Neck 6x250ml,"31,98",https://www.samsclub.com.br/cerveja-heineken-long-neck-6-250ml-7896045507276/p
2026-06-24 11:05:02,Sam's Club,Heineken,Cerveja Lager Chopp Premium Heineken Barril 5l,"109,98",https://www.samsclub.com.br/cerveja-lager-chopp-premium-heineken-barril-5l-8712000026011/p
2026-06-24 11:05:02,Sam's Club,Heineken,Cerveja Heineken Pack 8 Latas 269ml Cada,"36,98",https://www.samsclub.com.br/cerveja-heineken-pack-8-latas-269ml-cada-7896045506590/p
2026-06-24 11:05:02,Sam's Club,Heineken,Cerveja Heineken Sleek Pack 12 Latas 350ml Cada,"68,48",https://www.samsclub.com.br/cerveja-heineken-sleek-pack-12-latas-350ml-cada-7896045506873/p
2026-06-24 11:05:02,Sam's Club,Heineken,Chopeira Elétrica Heineken Krups Beertender B101 127V 5l,"999,90",https://www.samsclub.com.br/chopeira-eletrica-heineken-krups-beertender-b101-127v-5l-3045386377626/p
2026-06-24 11:05:02,Sam's Club,Heineken,Cerveja Lager Heineken Pack 6 Long Neck 330ml cada,"41,98",https://www.samsclub.com.br/cerveja-lager-heineken-pack-6-long-neck-330ml-cada-0000078936683/p
2026-06-24 11:05:02,Sam's Club,Heineken,Cerveja Heineken Zero Álcool Pack 8 Latas 269ml Cada,"36,98",https://www.samsclub.com.br/cerveja-heineken-zero-alcool-pack-8-latas-269ml-cada-7896045506859/p
2026-06-24 11:05:02,Sam's Club,Heineken,Cerveja Heineken Zero Álcool Sleek Pack 12 Latas 350ml Cada,"68,48",https://www.samsclub.com.br/cerveja-heineken-zero-alcool-sleek-pack-12-latas-350ml-cada-7896045506910/p
2026-06-24 11:05:02,Sam's Club,Heineken,Cerveja Lager Premium Puro Malte Zero Álcool Heineken Pack com 6 Unidades 330ml Cada,"39,98",https://www.samsclub.com.br/cerveja-lager-premium-puro-malte-zero-alcool-heineken-pack-com-6-unidades-330ml-cada-7896045506040/p
2026-06-24 11:05:02,Sam's Club,Spaten,Cerveja Munich Helles Puro Malte Spaten Garrafa 600ml,"9,98",https://www.samsclub.com.br/cerveja-munich-helles-puro-malte-spaten-garrafa-600ml-789199129754/p
2026-06-24 11:05:02,Sam's Club,Spaten,Cerveja Spaten Munich Puro Malte Pack 8 Latas 269ml Cada,"28,98",https://www.samsclub.com.br/cerveja-spaten-munich-puro-malte-pack-8-latas-269ml-cada-7891991303354/p
2026-06-24 11:05:02,Sam's Club,Spaten,Cerveja Puro Malte Spaten Munich Pack 12 Unidades de 350ml Cada,"46,98",https://www.samsclub.com.br/cerveja-puro-malte-spaten-munich-pack-12-unidades-de-350ml-cada-7891991297424/p
2026-06-24 11:05:02,Sam's Club,Michelob,Cerveja Michelob Ultra Pack 6 Garrafas 330ml Cada,"32,94",https://www.samsclub.com.br/cerveja-michelob-ultra-pack-6-garrafas-330ml-cada-7891991299619/p
2026-06-24 11:07:27,Sonda Delivery,Heineken,"Cerveja 0,0% álcool Heineken lata 269ml","5,49",https://www.sondadelivery.com.br/delivery/produto/cerveja-00-alcool-heineken-lata-269ml/1000045527
2026-06-24 11:07:27,Sonda Delivery,Heineken,"Cerveja 0,0% álcool Heineken long neck 330ml","8,02",https://www.sondadelivery.com.br/delivery/produto/cerveja-00-alcool-heineken-long-neck-330ml/1000034755
2026-06-24 11:07:27,Sonda Delivery,Heineken,Cerveja Heineken barril 5 Litros,"132,21",https://www.sondadelivery.com.br/delivery/produto/cerveja-heineken-barril-5-litros/1000007871
2026-06-24 11:07:27,Sonda Delivery,Heineken,Cerveja Heineken Lata - 473ml,"8,13",https://www.sondadelivery.com.br/delivery/produto/cerveja-heineken-lata---473ml/1000051283
2026-06-24 11:07:27,Sonda Delivery,Heineken,Cerveja Heineken lata 269ml,"5,49",https://www.sondadelivery.com.br/delivery/produto/cerveja-heineken-lata-269ml/1000042610
2026-06-24 11:07:27,Sonda Delivery,Heineken,Cerveja Heineken lata 350ml,"6,81",https://www.sondadelivery.com.br/delivery/produto/cerveja-heineken-lata-350ml/1000007872
2026-06-24 11:07:27,Sonda Delivery,Heineken,Cerveja Heineken long neck 250ml,"6,59",https://www.sondadelivery.com.br/delivery/produto/cerveja-heineken-long-neck-250ml/1000007927
2026-06-24 11:07:27,Sonda Delivery,Heineken,Cerveja Heineken long neck 330ml,"8,02",https://www.sondadelivery.com.br/delivery/produto/cerveja-heineken-long-neck-330ml/1000008685
2026-06-24 11:07:27,Sonda Delivery,Heineken,Cerveja Heineken long neck 600ml,"15,28",https://www.sondadelivery.com.br/delivery/produto/cerveja-heineken-long-neck-600ml/1000007926
2026-06-24 11:07:27,Sonda Delivery,Heineken,Cerveja Lager Puro Malte sem Glúten Heineken Ultimate Garrafa 330ml,"8,02",https://www.sondadelivery.com.br/delivery/produto/cerveja-lager-puro-malte-sem-gluten-heineken-ultimate-garrafa-330ml/1000056064
2026-06-24 11:07:27,Sonda Delivery,Heineken,Cerveja Lager Zero Álcool Heineken Lata 350ml,"6,81",https://www.sondadelivery.com.br/delivery/produto/cerveja-lager-zero-alcool-heineken-lata-350ml/1000034754
2026-06-24 11:07:27,Sonda Delivery,Spaten,Cerveja munich helles Spaten lata 269ml,"3,79",https://www.sondadelivery.com.br/delivery/produto/cerveja-munich-helles-spaten-lata-269ml/1000043131
2026-06-24 11:07:27,Sonda Delivery,Spaten,Cerveja munich puro malte Spaten lata 350ml,"4,89",https://www.sondadelivery.com.br/delivery/produto/cerveja-munich-puro-malte-spaten-lata-350ml/1000039001
2026-06-24 11:07:27,Sonda Delivery,Spaten,Cerveja puro malte munich helles Spaten garrafa 600ml,"9,99",https://www.sondadelivery.com.br/delivery/produto/cerveja-puro-malte-munich-helles-spaten-garrafa-600ml/1000041988
2026-06-24 11:07:27,Sonda Delivery,Spaten,Cerveja puro malte Spaten long neck 330ml,"5,99",https://www.sondadelivery.com.br/delivery/produto/cerveja-puro-malte-spaten-long-neck-330ml/1000050531
2026-06-24 11:07:27,Sonda Delivery,Michelob,Cerveja ultra Michelob lata 350ml,"5,82",https://www.sondadelivery.com.br/delivery/produto/cerveja-ultra-michelob-lata-350ml/1000040890
2026-06-24 11:07:27,Sam's Club,Heineken,Cerveja Heineken Ultimate Long Neck 6x330ml,"43,74",https://www.samsclub.com.br/cerveja-heineken-ultimate-long-neck-6x330ml-7896045507702/p
2026-06-24 11:07:27,Sam's Club,Heineken,Cerveja Lager Heineken Garrafa 600ml,"13,48",https://www.samsclub.com.br/cerveja-lager-heineken-600ml-0000078905498/p
2026-06-24 11:07:27,Sam's Club,Heineken,Cerveja Heineken Long Neck 6x250ml,"31,98",https://www.samsclub.com.br/cerveja-heineken-long-neck-6-250ml-7896045507276/p
2026-06-24 11:07:27,Sam's Club,Heineken,Cerveja Lager Chopp Premium Heineken Barril 5l,"109,98",https://www.samsclub.com.br/cerveja-lager-chopp-premium-heineken-barril-5l-8712000026011/p
2026-06-24 11:07:27,Sam's Club,Heineken,Cerveja Heineken Pack 8 Latas 269ml Cada,"36,98",https://www.samsclub.com.br/cerveja-heineken-pack-8-latas-269ml-cada-7896045506590/p
2026-06-24 11:07:27,Sam's Club,Heineken,Cerveja Heineken Sleek Pack 12 Latas 350ml Cada,"68,48",https://www.samsclub.com.br/cerveja-heineken-sleek-pack-12-latas-350ml-cada-7896045506873/p
2026-06-24 11:07:27,Sam's Club,Heineken,Chopeira Elétrica Heineken Krups Beertender B101 127V 5l,"999,90",https://www.samsclub.com.br/chopeira-eletrica-heineken-krups-beertender-b101-127v-5l-3045386377626/p
2026-06-24 11:07:27,Sam's Club,Heineken,Cerveja Lager Heineken Pack 6 Long Neck 330ml cada,"41,98",https://www.samsclub.com.br/cerveja-lager-heineken-pack-6-long-neck-330ml-cada-0000078936683/p
2026-06-24 11:07:27,Sam's Club,Heineken,Cerveja Heineken Zero Álcool Pack 8 Latas 269ml Cada,"36,98",https://www.samsclub.com.br/cerveja-heineken-zero-alcool-pack-8-latas-269ml-cada-7896045506859/p
2026-06-24 11:07:27,Sam's Club,Heineken,Cerveja Heineken Zero Álcool Sleek Pack 12 Latas 350ml Cada,"68,48",https://www.samsclub.com.br/cerveja-heineken-zero-alcool-sleek-pack-12-latas-350ml-cada-7896045506910/p
2026-06-24 11:07:27,Sam's Club,Heineken,Cerveja Lager Premium Puro Malte Zero Álcool Heineken Pack com 6 Unidades 330ml Cada,"39,98",https://www.samsclub.com.br/cerveja-lager-premium-puro-malte-zero-alcool-heineken-pack-com-6-unidades-330ml-cada-7896045506040/p
2026-06-24 11:07:27,Sam's Club,Spaten,Cerveja Munich Helles Puro Malte Spaten Garrafa 600ml,"9,98",https://www.samsclub.com.br/cerveja-munich-helles-puro-malte-spaten-garrafa-600ml-789199129754/p
2026-06-24 11:07:27,Sam's Club,Spaten,Cerveja Spaten Munich Puro Malte Pack 8 Latas 269ml Cada,"28,98",https://www.samsclub.com.br/cerveja-spaten-munich-puro-malte-pack-8-latas-269ml-cada-7891991303354/p
2026-06-24 11:07:27,Sam's Club,Spaten,Cerveja Puro Malte Spaten Munich Pack 12 Unidades de 350ml Cada,"46,98",https://www.samsclub.com.br/cerveja-puro-malte-spaten-munich-pack-12-unidades-de-350ml-cada-7891991297424/p
2026-06-24 11:07:27,Sam's Club,Michelob,Cerveja Michelob Ultra Pack 6 Garrafas 330ml Cada,"32,94",https://www.samsclub.com.br/cerveja-michelob-ultra-pack-6-garrafas-330ml-cada-7891991299619/p
2026-06-24 15:24:57,Sonda Delivery,Heineken,"Cerveja 0,0% álcool Heineken lata 269ml","5,49",https://www.sondadelivery.com.br/delivery/produto/cerveja-00-alcool-heineken-lata-269ml/1000045527
2026-06-24 15:24:57,Sonda Delivery,Heineken,"Cerveja 0,0% álcool Heineken long neck 330ml","8,02",https://www.sondadelivery.com.br/delivery/produto/cerveja-00-alcool-heineken-long-neck-330ml/1000034755
2026-06-24 15:24:57,Sonda Delivery,Heineken,Cerveja Heineken barril 5 Litros,"132,21",https://www.sondadelivery.com.br/delivery/produto/cerveja-heineken-barril-5-litros/1000007871
2026-06-24 15:24:57,Sonda Delivery,Heineken,Cerveja Heineken Lata - 473ml,"8,13",https://www.sondadelivery.com.br/delivery/produto/cerveja-heineken-lata---473ml/1000051283
2026-06-24 15:24:57,Sonda Delivery,Heineken,Cerveja Heineken lata 269ml,"5,49",https://www.sondadelivery.com.br/delivery/produto/cerveja-heineken-lata-269ml/1000042610
2026-06-24 15:24:57,Sonda Delivery,Heineken,Cerveja Heineken lata 350ml,"6,81",https://www.sondadelivery.com.br/delivery/produto/cerveja-heineken-lata-350ml/1000007872
2026-06-24 15:24:57,Sonda Delivery,Heineken,Cerveja Heineken long neck 250ml,"6,59",https://www.sondadelivery.com.br/delivery/produto/cerveja-heineken-long-neck-250ml/1000007927
2026-06-24 15:24:57,Sonda Delivery,Heineken,Cerveja Heineken long neck 330ml,"8,02",https://www.sondadelivery.com.br/delivery/produto/cerveja-heineken-long-neck-330ml/1000008685
2026-06-24 15:24:57,Sonda Delivery,Heineken,Cerveja Heineken long neck 600ml,"15,28",https://www.sondadelivery.com.br/delivery/produto/cerveja-heineken-long-neck-600ml/1000007926
2026-06-24 15:24:57,Sonda Delivery,Heineken,Cerveja Lager Puro Malte sem Glúten Heineken Ultimate Garrafa 330ml,"8,02",https://www.sondadelivery.com.br/delivery/produto/cerveja-lager-puro-malte-sem-gluten-heineken-ultimate-garrafa-330ml/1000056064
2026-06-24 15:24:57,Sonda Delivery,Heineken,Cerveja Lager Zero Álcool Heineken Lata 350ml,"6,81",https://www.sondadelivery.com.br/delivery/produto/cerveja-lager-zero-alcool-heineken-lata-350ml/1000034754
2026-06-24 15:24:57,Sonda Delivery,Spaten,Cerveja munich helles Spaten lata 269ml,"3,79",https://www.sondadelivery.com.br/delivery/produto/cerveja-munich-helles-spaten-lata-269ml/1000043131
2026-06-24 15:24:57,Sonda Delivery,Spaten,Cerveja munich puro malte Spaten lata 350ml,"4,89",https://www.sondadelivery.com.br/delivery/produto/cerveja-munich-puro-malte-spaten-lata-350ml/1000039001
2026-06-24 15:24:57,Sonda Delivery,Stella Artois Pure Gold,Cerveja pure gold Stella Artois lata 269ml,"5,05",https://www.sondadelivery.com.br/delivery/produto/cerveja-pure-gold-stella-artois-lata-269ml/1000049712
2026-06-24 15:24:57,Sonda Delivery,Stella Artois Pure Gold,Cerveja pure gold Stella Artois lata 350ml,"5,29",https://www.sondadelivery.com.br/delivery/produto/cerveja-pure-gold-stella-artois-lata-350ml/1000048737
2026-06-24 15:24:57,Sonda Delivery,Stella Artois Pure Gold,Cerveja pure gold Stella Artois long neck 330ml,"7,39",https://www.sondadelivery.com.br/delivery/produto/cerveja-pure-gold-stella-artois-long-neck-330ml/1000047453
2026-06-24 15:24:57,Sonda Delivery,Spaten,Cerveja puro malte munich helles Spaten garrafa 600ml,"9,99",https://www.sondadelivery.com.br/delivery/produto/cerveja-puro-malte-munich-helles-spaten-garrafa-600ml/1000041988
2026-06-24 15:24:57,Sonda Delivery,Spaten,Cerveja puro malte Spaten long neck 330ml,"5,99",https://www.sondadelivery.com.br/delivery/produto/cerveja-puro-malte-spaten-long-neck-330ml/1000050531
2026-06-24 15:24:57,Sonda Delivery,Michelob,Cerveja ultra Michelob lata 350ml,"5,82",https://www.sondadelivery.com.br/delivery/produto/cerveja-ultra-michelob-lata-350ml/1000040890
2026-06-24 15:24:57,Sam's Club,Heineken,Cerveja Heineken Ultimate Long Neck 6x330ml,"43,74",https://www.samsclub.com.br/cerveja-heineken-ultimate-long-neck-6x330ml-7896045507702/p
2026-06-24 15:24:57,Sam's Club,Heineken,Cerveja Lager Heineken Garrafa 600ml,"13,48",https://www.samsclub.com.br/cerveja-lager-heineken-600ml-0000078905498/p
2026-06-24 15:24:57,Sam's Club,Heineken,Cerveja Heineken Long Neck 6x250ml,"31,98",https://www.samsclub.com.br/cerveja-heineken-long-neck-6-250ml-7896045507276/p
2026-06-24 15:24:57,Sam's Club,Heineken,Cerveja Lager Chopp Premium Heineken Barril 5l,"109,98",https://www.samsclub.com.br/cerveja-lager-chopp-premium-heineken-barril-5l-8712000026011/p
2026-06-24 15:24:57,Sam's Club,Heineken,Cerveja Heineken Pack 8 Latas 269ml Cada,"36,98",https://www.samsclub.com.br/cerveja-heineken-pack-8-latas-269ml-cada-7896045506590/p
2026-06-24 15:24:57,Sam's Club,Heineken,Cerveja Heineken Sleek Pack 12 Latas 350ml Cada,"68,48",https://www.samsclub.com.br/cerveja-heineken-sleek-pack-12-latas-350ml-cada-7896045506873/p
2026-06-24 15:24:57,Sam's Club,Heineken,Chopeira Elétrica Heineken Krups Beertender B101 127V 5l,"999,90",https://www.samsclub.com.br/chopeira-eletrica-heineken-krups-beertender-b101-127v-5l-3045386377626/p
2026-06-24 15:24:57,Sam's Club,Heineken,Cerveja Lager Heineken Pack 6 Long Neck 330ml cada,"41,98",https://www.samsclub.com.br/cerveja-lager-heineken-pack-6-long-neck-330ml-cada-0000078936683/p
2026-06-24 15:24:57,Sam's Club,Heineken,Cerveja Heineken Zero Álcool Pack 8 Latas 269ml Cada,"36,98",https://www.samsclub.com.br/cerveja-heineken-zero-alcool-pack-8-latas-269ml-cada-7896045506859/p
2026-06-24 15:24:57,Sam's Club,Heineken,Cerveja Heineken Zero Álcool Sleek Pack 12 Latas 350ml Cada,"68,48",https://www.samsclub.com.br/cerveja-heineken-zero-alcool-sleek-pack-12-latas-350ml-cada-7896045506910/p
2026-06-24 15:24:57,Sam's Club,Heineken,Cerveja Lager Premium Puro Malte Zero Álcool Heineken Pack com 6 Unidades 330ml Cada,"39,98",https://www.samsclub.com.br/cerveja-lager-premium-puro-malte-zero-alcool-heineken-pack-com-6-unidades-330ml-cada-7896045506040/p
2026-06-24 15:24:57,Sam's Club,Spaten,Cerveja Munich Helles Puro Malte Spaten Garrafa 600ml,"9,98",https://www.samsclub.com.br/cerveja-munich-helles-puro-malte-spaten-garrafa-600ml-789199129754/p
2026-06-24 15:24:57,Sam's Club,Spaten,Cerveja Spaten Munich Puro Malte Pack 8 Latas 269ml Cada,"28,98",https://www.samsclub.com.br/cerveja-spaten-munich-puro-malte-pack-8-latas-269ml-cada-7891991303354/p
2026-06-24 15:24:57,Sam's Club,Spaten,Cerveja Puro Malte Spaten Munich Pack 12 Unidades de 350ml Cada,"46,98",https://www.samsclub.com.br/cerveja-puro-malte-spaten-munich-pack-12-unidades-de-350ml-cada-7891991297424/p
2026-06-24 15:24:57,Sam's Club,Michelob,Cerveja Michelob Ultra Pack 6 Garrafas 330ml Cada,"32,94",https://www.samsclub.com.br/cerveja-michelob-ultra-pack-6-garrafas-330ml-cada-7891991299619/p
2026-06-24 15:37:07,Sonda Delivery,Heineken,"Cerveja 0,0% álcool Heineken lata 269ml","5,49",https://www.sondadelivery.com.br/delivery/produto/cerveja-00-alcool-heineken-lata-269ml/1000045527
2026-06-24 15:37:07,Sonda Delivery,Heineken,"Cerveja 0,0% álcool Heineken long neck 330ml","8,02",https://www.sondadelivery.com.br/delivery/produto/cerveja-00-alcool-heineken-long-neck-330ml/1000034755
2026-06-24 15:37:07,Sonda Delivery,Heineken,Cerveja Heineken barril 5 Litros,"132,21",https://www.sondadelivery.com.br/delivery/produto/cerveja-heineken-barril-5-litros/1000007871
2026-06-24 15:37:07,Sonda Delivery,Heineken,Cerveja Heineken Lata - 473ml,"8,13",https://www.sondadelivery.com.br/delivery/produto/cerveja-heineken-lata---473ml/1000051283
2026-06-24 15:37:07,Sonda Delivery,Heineken,Cerveja Heineken lata 269ml,"5,49",https://www.sondadelivery.com.br/delivery/produto/cerveja-heineken-lata-269ml/1000042610
2026-06-24 15:37:07,Sonda Delivery,Heineken,Cerveja Heineken lata 350ml,"6,81",https://www.sondadelivery.com.br/delivery/produto/cerveja-heineken-lata-350ml/1000007872
2026-06-24 15:37:07,Sonda Delivery,Heineken,Cerveja Heineken long neck 250ml,"6,59",https://www.sondadelivery.com.br/delivery/produto/cerveja-heineken-long-neck-250ml/1000007927
2026-06-24 15:37:07,Sonda Delivery,Heineken,Cerveja Heineken long neck 330ml,"8,02",https://www.sondadelivery.com.br/delivery/produto/cerveja-heineken-long-neck-330ml/1000008685
2026-06-24 15:37:07,Sonda Delivery,Heineken,Cerveja Heineken long neck 600ml,"15,28",https://www.sondadelivery.com.br/delivery/produto/cerveja-heineken-long-neck-600ml/1000007926
2026-06-24 15:37:07,Sonda Delivery,Heineken,Cerveja Lager Puro Malte sem Glúten Heineken Ultimate Garrafa 330ml,"8,02",https://www.sondadelivery.com.br/delivery/produto/cerveja-lager-puro-malte-sem-gluten-heineken-ultimate-garrafa-330ml/1000056064
2026-06-24 15:37:07,Sonda Delivery,Heineken,Cerveja Lager Zero Álcool Heineken Lata 350ml,"6,81",https://www.sondadelivery.com.br/delivery/produto/cerveja-lager-zero-alcool-heineken-lata-350ml/1000034754
2026-06-24 15:37:07,Sonda Delivery,Spaten,Cerveja munich helles Spaten lata 269ml,"3,79",https://www.sondadelivery.com.br/delivery/produto/cerveja-munich-helles-spaten-lata-269ml/1000043131
2026-06-24 15:37:07,Sonda Delivery,Spaten,Cerveja munich puro malte Spaten lata 350ml,"4,89",https://www.sondadelivery.com.br/delivery/produto/cerveja-munich-puro-malte-spaten-lata-350ml/1000039001
2026-06-24 15:37:07,Sonda Delivery,Stella Artois Pure Gold,Cerveja pure gold Stella Artois lata 269ml,"5,05",https://www.sondadelivery.com.br/delivery/produto/cerveja-pure-gold-stella-artois-lata-269ml/1000049712
2026-06-24 15:37:07,Sonda Delivery,Stella Artois Pure Gold,Cerveja pure gold Stella Artois lata 350ml,"5,29",https://www.sondadelivery.com.br/delivery/produto/cerveja-pure-gold-stella-artois-lata-350ml/1000048737
2026-06-24 15:37:07,Sonda Delivery,Stella Artois Pure Gold,Cerveja pure gold Stella Artois long neck 330ml,"7,39",https://www.sondadelivery.com.br/delivery/produto/cerveja-pure-gold-stella-artois-long-neck-330ml/1000047453
2026-06-24 15:37:07,Sonda Delivery,Spaten,Cerveja puro malte munich helles Spaten garrafa 600ml,"9,99",https://www.sondadelivery.com.br/delivery/produto/cerveja-puro-malte-munich-helles-spaten-garrafa-600ml/1000041988
2026-06-24 15:37:07,Sonda Delivery,Spaten,Cerveja puro malte Spaten long neck 330ml,"5,99",https://www.sondadelivery.com.br/delivery/produto/cerveja-puro-malte-spaten-long-neck-330ml/1000050531
2026-06-24 15:37:07,Sonda Delivery,Michelob,Cerveja ultra Michelob lata 350ml,"5,82",https://www.sondadelivery.com.br/delivery/produto/cerveja-ultra-michelob-lata-350ml/1000040890
2026-06-24 15:37:07,Sam's Club,Heineken,Cerveja Heineken Ultimate Long Neck 6x330ml,"43,74",https://www.samsclub.com.br/cerveja-heineken-ultimate-long-neck-6x330ml-7896045507702/p
2026-06-24 15:37:07,Sam's Club,Heineken,Cerveja Lager Heineken Garrafa 600ml,"13,48",https://www.samsclub.com.br/cerveja-lager-heineken-600ml-0000078905498/p
2026-06-24 15:37:07,Sam's Club,Heineken,Cerveja Heineken Long Neck 6x250ml,"31,98",https://www.samsclub.com.br/cerveja-heineken-long-neck-6-250ml-7896045507276/p
2026-06-24 15:37:07,Sam's Club,Heineken,Cerveja Lager Chopp Premium Heineken Barril 5l,"109,98",https://www.samsclub.com.br/cerveja-lager-chopp-premium-heineken-barril-5l-8712000026011/p
2026-06-24 15:37:07,Sam's Club,Heineken,Cerveja Heineken Pack 8 Latas 269ml Cada,"36,98",https://www.samsclub.com.br/cerveja-heineken-pack-8-latas-269ml-cada-7896045506590/p
2026-06-24 15:37:07,Sam's Club,Heineken,Cerveja Heineken Sleek Pack 12 Latas 350ml Cada,"68,48",https://www.samsclub.com.br/cerveja-heineken-sleek-pack-12-latas-350ml-cada-7896045506873/p
2026-06-24 15:37:07,Sam's Club,Heineken,Chopeira Elétrica Heineken Krups Beertender B101 127V 5l,"999,90",https://www.samsclub.com.br/chopeira-eletrica-heineken-krups-beertender-b101-127v-5l-3045386377626/p
2026-06-24 15:37:07,Sam's Club,Heineken,Cerveja Lager Heineken Pack 6 Long Neck 330ml cada,"41,98",https://www.samsclub.com.br/cerveja-lager-heineken-pack-6-long-neck-330ml-cada-0000078936683/p
2026-06-24 15:37:07,Sam's Club,Heineken,Cerveja Heineken Zero Álcool Pack 8 Latas 269ml Cada,"36,98",https://www.samsclub.com.br/cerveja-heineken-zero-alcool-pack-8-latas-269ml-cada-7896045506859/p
2026-06-24 15:37:07,Sam's Club,Heineken,Cerveja Heineken Zero Álcool Sleek Pack 12 Latas 350ml Cada,"68,48",https://www.samsclub.com.br/cerveja-heineken-zero-alcool-sleek-pack-12-latas-350ml-cada-7896045506910/p
2026-06-24 15:37:07,Sam's Club,Heineken,Cerveja Lager Premium Puro Malte Zero Álcool Heineken Pack com 6 Unidades 330ml Cada,"39,98",https://www.samsclub.com.br/cerveja-lager-premium-puro-malte-zero-alcool-heineken-pack-com-6-unidades-330ml-cada-7896045506040/p
2026-06-24 15:37:07,Sam's Club,Spaten,Cerveja Munich Helles Puro Malte Spaten Garrafa 600ml,"9,98",https://www.samsclub.com.br/cerveja-munich-helles-puro-malte-spaten-garrafa-600ml-789199129754/p
2026-06-24 15:37:07,Sam's Club,Spaten,Cerveja Spaten Munich Puro Malte Pack 8 Latas 269ml Cada,"28,98",https://www.samsclub.com.br/cerveja-spaten-munich-puro-malte-pack-8-latas-269ml-cada-7891991303354/p
2026-06-24 15:37:07,Sam's Club,Spaten,Cerveja Puro Malte Spaten Munich Pack 12 Unidades de 350ml Cada,"46,98",https://www.samsclub.com.br/cerveja-puro-malte-spaten-munich-pack-12-unidades-de-350ml-cada-7891991297424/p
2026-06-24 15:37:07,Sam's Club,Michelob,Cerveja Michelob Ultra Pack 6 Garrafas 330ml Cada,"32,94",https://www.samsclub.com.br/cerveja-michelob-ultra-pack-6-garrafas-330ml-cada-7891991299619/p
2026-06-24 15:37:07,Sam's Club,Stella Artois Pure Gold,Cerveja Puro Malte Pure Gold Stella Artois Lata 8x350ml,"46,48",https://www.samsclub.com.br/cerveja-puro-malte-pure-gold-stella-artois-lata-8x350ml-7891991306485/p
2026-06-24 15:37:07,Sam's Club,Stella Artois Pure Gold,Cerveja Puro Malte Pure Gold sem Glúten Stella Artois Lata 8x269ml,"33,48",https://www.samsclub.com.br/cerveja-puro-malte-pure-gold-sem-gluten-stella-artois-lata-8x269ml-7891991306461/p
2026-06-24 17:26:17,Sonda Delivery,Heineken,"Cerveja 0,0% álcool Heineken lata 269ml","5,49",https://www.sondadelivery.com.br/delivery/produto/cerveja-00-alcool-heineken-lata-269ml/1000045527
2026-06-24 17:26:17,Sonda Delivery,Heineken,"Cerveja 0,0% álcool Heineken long neck 330ml","8,02",https://www.sondadelivery.com.br/delivery/produto/cerveja-00-alcool-heineken-long-neck-330ml/1000034755
2026-06-24 17:26:17,Sonda Delivery,Heineken,Cerveja Heineken barril 5 Litros,"132,21",https://www.sondadelivery.com.br/delivery/produto/cerveja-heineken-barril-5-litros/1000007871
2026-06-24 17:26:17,Sonda Delivery,Heineken,Cerveja Heineken Lata - 473ml,"8,13",https://www.sondadelivery.com.br/delivery/produto/cerveja-heineken-lata---473ml/1000051283
2026-06-24 17:26:17,Sonda Delivery,Heineken,Cerveja Heineken lata 269ml,"5,49",https://www.sondadelivery.com.br/delivery/produto/cerveja-heineken-lata-269ml/1000042610
2026-06-24 17:26:17,Sonda Delivery,Heineken,Cerveja Heineken lata 350ml,"6,81",https://www.sondadelivery.com.br/delivery/produto/cerveja-heineken-lata-350ml/1000007872
2026-06-24 17:26:17,Sonda Delivery,Heineken,Cerveja Heineken long neck 250ml,"6,59",https://www.sondadelivery.com.br/delivery/produto/cerveja-heineken-long-neck-250ml/1000007927
2026-06-24 17:26:17,Sonda Delivery,Heineken,Cerveja Heineken long neck 330ml,"8,02",https://www.sondadelivery.com.br/delivery/produto/cerveja-heineken-long-neck-330ml/1000008685
2026-06-24 17:26:17,Sonda Delivery,Heineken,Cerveja Heineken long neck 600ml,"15,28",https://www.sondadelivery.com.br/delivery/produto/cerveja-heineken-long-neck-600ml/1000007926
2026-06-24 17:26:17,Sonda Delivery,Heineken,Cerveja Lager Puro Malte sem Glúten Heineken Ultimate Garrafa 330ml,"8,02",https://www.sondadelivery.com.br/delivery/produto/cerveja-lager-puro-malte-sem-gluten-heineken-ultimate-garrafa-330ml/1000056064
2026-06-24 17:26:17,Sonda Delivery,Heineken,Cerveja Lager Zero Álcool Heineken Lata 350ml,"6,81",https://www.sondadelivery.com.br/delivery/produto/cerveja-lager-zero-alcool-heineken-lata-350ml/1000034754
2026-06-24 17:26:17,Sonda Delivery,Spaten,Cerveja munich helles Spaten lata 269ml,"3,79",https://www.sondadelivery.com.br/delivery/produto/cerveja-munich-helles-spaten-lata-269ml/1000043131
2026-06-24 17:26:17,Sonda Delivery,Spaten,Cerveja munich puro malte Spaten lata 350ml,"4,89",https://www.sondadelivery.com.br/delivery/produto/cerveja-munich-puro-malte-spaten-lata-350ml/1000039001
2026-06-24 17:26:17,Sonda Delivery,Stella Artois,Cerveja pure gold Stella Artois lata 269ml,"5,05",https://www.sondadelivery.com.br/delivery/produto/cerveja-pure-gold-stella-artois-lata-269ml/1000049712
2026-06-24 17:26:17,Sonda Delivery,Stella Artois,Cerveja pure gold Stella Artois lata 350ml,"5,29",https://www.sondadelivery.com.br/delivery/produto/cerveja-pure-gold-stella-artois-lata-350ml/1000048737
2026-06-24 17:26:17,Sonda Delivery,Stella Artois,Cerveja pure gold Stella Artois long neck 330ml,"7,39",https://www.sondadelivery.com.br/delivery/produto/cerveja-pure-gold-stella-artois-long-neck-330ml/1000047453
2026-06-24 17:26:17,Sonda Delivery,Spaten,Cerveja puro malte munich helles Spaten garrafa 600ml,"9,99",https://www.sondadelivery.com.br/delivery/produto/cerveja-puro-malte-munich-helles-spaten-garrafa-600ml/1000041988
2026-06-24 17:26:17,Sonda Delivery,Spaten,Cerveja puro malte Spaten long neck 330ml,"5,99",https://www.sondadelivery.com.br/delivery/produto/cerveja-puro-malte-spaten-long-neck-330ml/1000050531
2026-06-24 17:26:17,Sonda Delivery,Stella Artois,Cerveja Stella Artois lata 350ml,"5,49",https://www.sondadelivery.com.br/delivery/produto/cerveja-stella-artois-lata-350ml/1000032690
2026-06-24 17:26:17,Sonda Delivery,Stella Artois,Cerveja Stella Artois long neck 330ml,"6,89",https://www.sondadelivery.com.br/delivery/produto/cerveja-stella-artois-long-neck-330ml/1000032348
2026-06-24 17:26:17,Sonda Delivery,Michelob,Cerveja ultra Michelob lata 350ml,"5,82",https://www.sondadelivery.com.br/delivery/produto/cerveja-ultra-michelob-lata-350ml/1000040890
2026-06-24 17:26:17,Sam's Club,Heineken,Cerveja Heineken Ultimate Long Neck 6x330ml,"43,74",https://www.samsclub.com.br/cerveja-heineken-ultimate-long-neck-6x330ml-7896045507702/p
2026-06-24 17:26:17,Sam's Club,Heineken,Cerveja Lager Heineken Garrafa 600ml,"13,48",https://www.samsclub.com.br/cerveja-lager-heineken-600ml-0000078905498/p
2026-06-24 17:26:17,Sam's Club,Heineken,Cerveja Heineken Long Neck 6x250ml,"31,98",https://www.samsclub.com.br/cerveja-heineken-long-neck-6-250ml-7896045507276/p
2026-06-24 17:26:17,Sam's Club,Heineken,Cerveja Lager Chopp Premium Heineken Barril 5l,"109,98",https://www.samsclub.com.br/cerveja-lager-chopp-premium-heineken-barril-5l-8712000026011/p
2026-06-24 17:26:17,Sam's Club,Heineken,Cerveja Heineken Pack 8 Latas 269ml Cada,"36,98",https://www.samsclub.com.br/cerveja-heineken-pack-8-latas-269ml-cada-7896045506590/p
2026-06-24 17:26:17,Sam's Club,Heineken,Cerveja Heineken Sleek Pack 12 Latas 350ml Cada,"68,48",https://www.samsclub.com.br/cerveja-heineken-sleek-pack-12-latas-350ml-cada-7896045506873/p
2026-06-24 17:26:17,Sam's Club,Heineken,Chopeira Elétrica Heineken Krups Beertender B101 127V 5l,"999,90",https://www.samsclub.com.br/chopeira-eletrica-heineken-krups-beertender-b101-127v-5l-3045386377626/p
2026-06-24 17:26:17,Sam's Club,Heineken,Cerveja Lager Heineken Pack 6 Long Neck 330ml cada,"41,98",https://www.samsclub.com.br/cerveja-lager-heineken-pack-6-long-neck-330ml-cada-0000078936683/p
2026-06-24 17:26:17,Sam's Club,Heineken,Cerveja Heineken Zero Álcool Pack 8 Latas 269ml Cada,"36,98",https://www.samsclub.com.br/cerveja-heineken-zero-alcool-pack-8-latas-269ml-cada-7896045506859/p
2026-06-24 17:26:17,Sam's Club,Heineken,Cerveja Heineken Zero Álcool Sleek Pack 12 Latas 350ml Cada,"68,48",https://www.samsclub.com.br/cerveja-heineken-zero-alcool-sleek-pack-12-latas-350ml-cada-7896045506910/p
2026-06-24 17:26:17,Sam's Club,Heineken,Cerveja Lager Premium Puro Malte Zero Álcool Heineken Pack com 6 Unidades 330ml Cada,"39,98",https://www.samsclub.com.br/cerveja-lager-premium-puro-malte-zero-alcool-heineken-pack-com-6-unidades-330ml-cada-7896045506040/p
2026-06-24 17:26:17,Sam's Club,Spaten,Cerveja Munich Helles Puro Malte Spaten Garrafa 600ml,"9,98",https://www.samsclub.com.br/cerveja-munich-helles-puro-malte-spaten-garrafa-600ml-789199129754/p
2026-06-24 17:26:17,Sam's Club,Spaten,Cerveja Spaten Munich Puro Malte Pack 8 Latas 269ml Cada,"28,98",https://www.samsclub.com.br/cerveja-spaten-munich-puro-malte-pack-8-latas-269ml-cada-7891991303354/p
2026-06-24 17:26:17,Sam's Club,Spaten,Cerveja Puro Malte Spaten Munich Pack 12 Unidades de 350ml Cada,"46,98",https://www.samsclub.com.br/cerveja-puro-malte-spaten-munich-pack-12-unidades-de-350ml-cada-7891991297424/p
2026-06-24 17:26:17,Sam's Club,Michelob,Cerveja Michelob Ultra Pack 6 Garrafas 330ml Cada,"32,94",https://www.samsclub.com.br/cerveja-michelob-ultra-pack-6-garrafas-330ml-cada-7891991299619/p
2026-06-24 17:27:14,Sonda Delivery,Heineken,"Cerveja 0,0% álcool Heineken lata 269ml","5,49",https://www.sondadelivery.com.br/delivery/produto/cerveja-00-alcool-heineken-lata-269ml/1000045527
2026-06-24 17:27:14,Sonda Delivery,Heineken,"Cerveja 0,0% álcool Heineken long neck 330ml","8,02",https://www.sondadelivery.com.br/delivery/produto/cerveja-00-alcool-heineken-long-neck-330ml/1000034755
2026-06-24 17:27:14,Sonda Delivery,Heineken,Cerveja Heineken barril 5 Litros,"132,21",https://www.sondadelivery.com.br/delivery/produto/cerveja-heineken-barril-5-litros/1000007871
2026-06-24 17:27:14,Sonda Delivery,Heineken,Cerveja Heineken Lata - 473ml,"8,13",https://www.sondadelivery.com.br/delivery/produto/cerveja-heineken-lata---473ml/1000051283
2026-06-24 17:27:14,Sonda Delivery,Heineken,Cerveja Heineken lata 269ml,"5,49",https://www.sondadelivery.com.br/delivery/produto/cerveja-heineken-lata-269ml/1000042610
2026-06-24 17:27:14,Sonda Delivery,Heineken,Cerveja Heineken lata 350ml,"6,81",https://www.sondadelivery.com.br/delivery/produto/cerveja-heineken-lata-350ml/1000007872
2026-06-24 17:27:14,Sonda Delivery,Heineken,Cerveja Heineken long neck 250ml,"6,59",https://www.sondadelivery.com.br/delivery/produto/cerveja-heineken-long-neck-250ml/1000007927
2026-06-24 17:27:14,Sonda Delivery,Heineken,Cerveja Heineken long neck 330ml,"8,02",https://www.sondadelivery.com.br/delivery/produto/cerveja-heineken-long-neck-330ml/1000008685
2026-06-24 17:27:14,Sonda Delivery,Heineken,Cerveja Heineken long neck 600ml,"15,28",https://www.sondadelivery.com.br/delivery/produto/cerveja-heineken-long-neck-600ml/1000007926
2026-06-24 17:27:14,Sonda Delivery,Heineken,Cerveja Lager Puro Malte sem Glúten Heineken Ultimate Garrafa 330ml,"8,02",https://www.sondadelivery.com.br/delivery/produto/cerveja-lager-puro-malte-sem-gluten-heineken-ultimate-garrafa-330ml/1000056064
2026-06-24 17:27:14,Sonda Delivery,Heineken,Cerveja Lager Zero Álcool Heineken Lata 350ml,"6,81",https://www.sondadelivery.com.br/delivery/produto/cerveja-lager-zero-alcool-heineken-lata-350ml/1000034754
2026-06-24 17:27:14,Sonda Delivery,Spaten,Cerveja munich helles Spaten lata 269ml,"3,79",https://www.sondadelivery.com.br/delivery/produto/cerveja-munich-helles-spaten-lata-269ml/1000043131
2026-06-24 17:27:14,Sonda Delivery,Spaten,Cerveja munich puro malte Spaten lata 350ml,"4,89",https://www.sondadelivery.com.br/delivery/produto/cerveja-munich-puro-malte-spaten-lata-350ml/1000039001
2026-06-24 17:27:14,Sonda Delivery,Stella Artois,Cerveja pure gold Stella Artois lata 269ml,"5,05",https://www.sondadelivery.com.br/delivery/produto/cerveja-pure-gold-stella-artois-lata-269ml/1000049712
2026-06-24 17:27:14,Sonda Delivery,Stella Artois,Cerveja pure gold Stella Artois lata 350ml,"5,29",https://www.sondadelivery.com.br/delivery/produto/cerveja-pure-gold-stella-artois-lata-350ml/1000048737
2026-06-24 17:27:14,Sonda Delivery,Stella Artois,Cerveja pure gold Stella Artois long neck 330ml,"7,39",https://www.sondadelivery.com.br/delivery/produto/cerveja-pure-gold-stella-artois-long-neck-330ml/1000047453
2026-06-24 17:27:14,Sonda Delivery,Spaten,Cerveja puro malte munich helles Spaten garrafa 600ml,"9,99",https://www.sondadelivery.com.br/delivery/produto/cerveja-puro-malte-munich-helles-spaten-garrafa-600ml/1000041988
2026-06-24 17:27:14,Sonda Delivery,Spaten,Cerveja puro malte Spaten long neck 330ml,"5,99",https://www.sondadelivery.com.br/delivery/produto/cerveja-puro-malte-spaten-long-neck-330ml/1000050531
2026-06-24 17:27:14,Sonda Delivery,Stella Artois,Cerveja Stella Artois lata 350ml,"5,49",https://www.sondadelivery.com.br/delivery/produto/cerveja-stella-artois-lata-350ml/1000032690
2026-06-24 17:27:14,Sonda Delivery,Stella Artois,Cerveja Stella Artois long neck 330ml,"6,89",https://www.sondadelivery.com.br/delivery/produto/cerveja-stella-artois-long-neck-330ml/1000032348
2026-06-24 17:27:14,Sonda Delivery,Michelob,Cerveja ultra Michelob lata 350ml,"5,82",https://www.sondadelivery.com.br/delivery/produto/cerveja-ultra-michelob-lata-350ml/1000040890
2026-06-24 17:27:14,Sam's Club,Heineken,Cerveja Heineken Ultimate Long Neck 6x330ml,"43,74",https://www.samsclub.com.br/cerveja-heineken-ultimate-long-neck-6x330ml-7896045507702/p
2026-06-24 17:27:14,Sam's Club,Heineken,Cerveja Lager Heineken Garrafa 600ml,"13,48",https://www.samsclub.com.br/cerveja-lager-heineken-600ml-0000078905498/p
2026-06-24 17:27:14,Sam's Club,Heineken,Cerveja Heineken Long Neck 6x250ml,"31,98",https://www.samsclub.com.br/cerveja-heineken-long-neck-6-250ml-7896045507276/p
2026-06-24 17:27:14,Sam's Club,Heineken,Cerveja Lager Chopp Premium Heineken Barril 5l,"109,98",https://www.samsclub.com.br/cerveja-lager-chopp-premium-heineken-barril-5l-8712000026011/p
2026-06-24 17:27:14,Sam's Club,Heineken,Cerveja Heineken Pack 8 Latas 269ml Cada,"36,98",https://www.samsclub.com.br/cerveja-heineken-pack-8-latas-269ml-cada-7896045506590/p
2026-06-24 17:27:14,Sam's Club,Heineken,Cerveja Heineken Sleek Pack 12 Latas 350ml Cada,"68,48",https://www.samsclub.com.br/cerveja-heineken-sleek-pack-12-latas-350ml-cada-7896045506873/p
2026-06-24 17:27:14,Sam's Club,Heineken,Chopeira Elétrica Heineken Krups Beertender B101 127V 5l,"999,90",https://www.samsclub.com.br/chopeira-eletrica-heineken-krups-beertender-b101-127v-5l-3045386377626/p
2026-06-24 17:27:14,Sam's Club,Heineken,Cerveja Lager Heineken Pack 6 Long Neck 330ml cada,"41,98",https://www.samsclub.com.br/cerveja-lager-heineken-pack-6-long-neck-330ml-cada-0000078936683/p
2026-06-24 17:27:14,Sam's Club,Heineken,Cerveja Heineken Zero Álcool Pack 8 Latas 269ml Cada,"36,98",https://www.samsclub.com.br/cerveja-heineken-zero-alcool-pack-8-latas-269ml-cada-7896045506859/p
2026-06-24 17:27:14,Sam's Club,Heineken,Cerveja Heineken Zero Álcool Sleek Pack 12 Latas 350ml Cada,"68,48",https://www.samsclub.com.br/cerveja-heineken-zero-alcool-sleek-pack-12-latas-350ml-cada-7896045506910/p
2026-06-24 17:27:14,Sam's Club,Heineken,Cerveja Lager Premium Puro Malte Zero Álcool Heineken Pack com 6 Unidades 330ml Cada,"39,98",https://www.samsclub.com.br/cerveja-lager-premium-puro-malte-zero-alcool-heineken-pack-com-6-unidades-330ml-cada-7896045506040/p
2026-06-24 17:27:14,Sam's Club,Spaten,Cerveja Munich Helles Puro Malte Spaten Garrafa 600ml,"9,98",https://www.samsclub.com.br/cerveja-munich-helles-puro-malte-spaten-garrafa-600ml-789199129754/p
2026-06-24 17:27:14,Sam's Club,Spaten,Cerveja Spaten Munich Puro Malte Pack 8 Latas 269ml Cada,"28,98",https://www.samsclub.com.br/cerveja-spaten-munich-puro-malte-pack-8-latas-269ml-cada-7891991303354/p
2026-06-24 17:27:14,Sam's Club,Spaten,Cerveja Puro Malte Spaten Munich Pack 12 Unidades de 350ml Cada,"46,98",https://www.samsclub.com.br/cerveja-puro-malte-spaten-munich-pack-12-unidades-de-350ml-cada-7891991297424/p
2026-06-24 17:27:14,Sam's Club,Michelob,Cerveja Michelob Ultra Pack 6 Garrafas 330ml Cada,"32,94",https://www.samsclub.com.br/cerveja-michelob-ultra-pack-6-garrafas-330ml-cada-7891991299619/p
2026-06-24 17:27:14,Sam's Club,Stella Artois,Cerveja Puro Malte Stella Artois Belgium Garrafa 600ml,"9,98",https://www.samsclub.com.br/cerveja-puro-malte-stella-artois-belgium-garrafa-600ml-7891991295109/p
2026-06-24 17:27:14,Sam's Club,Stella Artois,Cerveja Stella Artois Gold Pack 6 Long Neck 330ml Cada,"40,48",https://www.samsclub.com.br/cerveja-stella-artois-gold-pack-6-long-neck-330ml-cada-7891991304870/p
2026-06-24 17:27:14,Sam's Club,Stella Artois,Cerveja Puro Malte Pure Gold Stella Artois Lata 8x350ml,"46,48",https://www.samsclub.com.br/cerveja-puro-malte-pure-gold-stella-artois-lata-8x350ml-7891991306485/p
2026-06-24 17:27:14,Sam's Club,Stella Artois,Cerveja Puro Malte Pure Gold sem Glúten Stella Artois Lata 8x269ml,"33,48",https://www.samsclub.com.br/cerveja-puro-malte-pure-gold-sem-gluten-stella-artois-lata-8x269ml-7891991306461/p
2026-06-24 17:27:14,Sam's Club,Stella Artois,Cerveja Pilsen Lager Premium Stella Artois Pack 6 Garrafas 330ml Cada,"34,74",https://www.samsclub.com.br/cerveja-pilsen-lager-premium-stella-artois-pack-6-garrafas-330ml-cada-7891991015462/p
2026-06-25 08:58:01,Sonda Delivery,Heineken,"Cerveja 0,0% álcool Heineken lata 269ml","5,49",https://www.sondadelivery.com.br/delivery/produto/cerveja-00-alcool-heineken-lata-269ml/1000045527
2026-06-25 08:58:01,Sonda Delivery,Heineken,"Cerveja 0,0% álcool Heineken long neck 330ml","8,02",https://www.sondadelivery.com.br/delivery/produto/cerveja-00-alcool-heineken-long-neck-330ml/1000034755
2026-06-25 08:58:01,Sonda Delivery,Heineken,Cerveja Heineken barril 5 Litros,"132,21",https://www.sondadelivery.com.br/delivery/produto/cerveja-heineken-barril-5-litros/1000007871
2026-06-25 08:58:01,Sonda Delivery,Heineken,Cerveja Heineken Lata - 473ml,"8,13",https://www.sondadelivery.com.br/delivery/produto/cerveja-heineken-lata---473ml/1000051283
2026-06-25 08:58:01,Sonda Delivery,Heineken,Cerveja Heineken lata 269ml,"5,49",https://www.sondadelivery.com.br/delivery/produto/cerveja-heineken-lata-269ml/1000042610
2026-06-25 08:58:01,Sonda Delivery,Heineken,Cerveja Heineken lata 350ml,"6,81",https://www.sondadelivery.com.br/delivery/produto/cerveja-heineken-lata-350ml/1000007872
2026-06-25 08:58:01,Sonda Delivery,Heineken,Cerveja Heineken long neck 250ml,"6,59",https://www.sondadelivery.com.br/delivery/produto/cerveja-heineken-long-neck-250ml/1000007927
2026-06-25 08:58:01,Sonda Delivery,Heineken,Cerveja Heineken long neck 330ml,"8,02",https://www.sondadelivery.com.br/delivery/produto/cerveja-heineken-long-neck-330ml/1000008685
2026-06-25 08:58:01,Sonda Delivery,Heineken,Cerveja Heineken long neck 600ml,"15,28",https://www.sondadelivery.com.br/delivery/produto/cerveja-heineken-long-neck-600ml/1000007926
2026-06-25 08:58:01,Sonda Delivery,Heineken,Cerveja Lager Puro Malte sem Glúten Heineken Ultimate Garrafa 330ml,"8,02",https://www.sondadelivery.com.br/delivery/produto/cerveja-lager-puro-malte-sem-gluten-heineken-ultimate-garrafa-330ml/1000056064
2026-06-25 08:58:01,Sonda Delivery,Heineken,Cerveja Lager Zero Álcool Heineken Lata 350ml,"6,81",https://www.sondadelivery.com.br/delivery/produto/cerveja-lager-zero-alcool-heineken-lata-350ml/1000034754
2026-06-25 08:58:01,Sonda Delivery,Spaten,Cerveja munich helles Spaten lata 269ml,"3,79",https://www.sondadelivery.com.br/delivery/produto/cerveja-munich-helles-spaten-lata-269ml/1000043131
2026-06-25 08:58:01,Sonda Delivery,Spaten,Cerveja munich puro malte Spaten lata 350ml,"4,89",https://www.sondadelivery.com.br/delivery/produto/cerveja-munich-puro-malte-spaten-lata-350ml/1000039001
2026-06-25 08:58:01,Sonda Delivery,Stella Artois,Cerveja pure gold Stella Artois lata 269ml,"5,05",https://www.sondadelivery.com.br/delivery/produto/cerveja-pure-gold-stella-artois-lata-269ml/1000049712
2026-06-25 08:58:01,Sonda Delivery,Stella Artois,Cerveja pure gold Stella Artois lata 350ml,"5,29",https://www.sondadelivery.com.br/delivery/produto/cerveja-pure-gold-stella-artois-lata-350ml/1000048737
2026-06-25 08:58:01,Sonda Delivery,Stella Artois,Cerveja pure gold Stella Artois long neck 330ml,"7,39",https://www.sondadelivery.com.br/delivery/produto/cerveja-pure-gold-stella-artois-long-neck-330ml/1000047453
2026-06-25 08:58:01,Sonda Delivery,Spaten,Cerveja puro malte munich helles Spaten garrafa 600ml,"9,99",https://www.sondadelivery.com.br/delivery/produto/cerveja-puro-malte-munich-helles-spaten-garrafa-600ml/1000041988
2026-06-25 08:58:01,Sonda Delivery,Spaten,Cerveja puro malte Spaten long neck 330ml,"5,99",https://www.sondadelivery.com.br/delivery/produto/cerveja-puro-malte-spaten-long-neck-330ml/1000050531
2026-06-25 08:58:01,Sonda Delivery,Stella Artois,Cerveja Stella Artois lata 350ml,"5,49",https://www.sondadelivery.com.br/delivery/produto/cerveja-stella-artois-lata-350ml/1000032690
2026-06-25 08:58:01,Sonda Delivery,Stella Artois,Cerveja Stella Artois long neck 330ml,"6,89",https://www.sondadelivery.com.br/delivery/produto/cerveja-stella-artois-long-neck-330ml/1000032348
2026-06-25 08:58:01,Sonda Delivery,Michelob,Cerveja ultra Michelob lata 350ml,"4,69",https://www.sondadelivery.com.br/delivery/produto/cerveja-ultra-michelob-lata-350ml/1000040890
2026-06-25 08:58:01,Sam's Club,Heineken,Cerveja Heineken Ultimate Long Neck 6x330ml,"43,74",https://www.samsclub.com.br/cerveja-heineken-ultimate-long-neck-6x330ml-7896045507702/p
2026-06-25 08:58:01,Sam's Club,Heineken,Cerveja Lager Heineken Garrafa 600ml,"13,48",https://www.samsclub.com.br/cerveja-lager-heineken-600ml-0000078905498/p
2026-06-25 08:58:01,Sam's Club,Heineken,Cerveja Heineken Long Neck 6x250ml,"31,98",https://www.samsclub.com.br/cerveja-heineken-long-neck-6-250ml-7896045507276/p
2026-06-25 08:58:01,Sam's Club,Heineken,Cerveja Lager Chopp Premium Heineken Barril 5l,"109,98",https://www.samsclub.com.br/cerveja-lager-chopp-premium-heineken-barril-5l-8712000026011/p
2026-06-25 08:58:01,Sam's Club,Heineken,Cerveja Heineken Pack 8 Latas 269ml Cada,"36,98",https://www.samsclub.com.br/cerveja-heineken-pack-8-latas-269ml-cada-7896045506590/p
2026-06-25 08:58:01,Sam's Club,Heineken,Cerveja Heineken Sleek Pack 12 Latas 350ml Cada,"68,48",https://www.samsclub.com.br/cerveja-heineken-sleek-pack-12-latas-350ml-cada-7896045506873/p
2026-06-25 08:58:01,Sam's Club,Heineken,Chopeira Elétrica Heineken Krups Beertender B101 127V 5l,"999,90",https://www.samsclub.com.br/chopeira-eletrica-heineken-krups-beertender-b101-127v-5l-3045386377626/p
2026-06-25 08:58:01,Sam's Club,Heineken,Cerveja Lager Heineken Pack 6 Long Neck 330ml cada,"36,54",https://www.samsclub.com.br/cerveja-lager-heineken-pack-6-long-neck-330ml-cada-0000078936683/p
2026-06-25 08:58:01,Sam's Club,Heineken,Cerveja Heineken Zero Álcool Pack 8 Latas 269ml Cada,"36,98",https://www.samsclub.com.br/cerveja-heineken-zero-alcool-pack-8-latas-269ml-cada-7896045506859/p
2026-06-25 08:58:01,Sam's Club,Heineken,Cerveja Heineken Zero Álcool Sleek Pack 12 Latas 350ml Cada,"68,48",https://www.samsclub.com.br/cerveja-heineken-zero-alcool-sleek-pack-12-latas-350ml-cada-7896045506910/p
2026-06-25 08:58:01,Sam's Club,Heineken,Cerveja Lager Premium Puro Malte Zero Álcool Heineken Pack com 6 Unidades 330ml Cada,"39,98",https://www.samsclub.com.br/cerveja-lager-premium-puro-malte-zero-alcool-heineken-pack-com-6-unidades-330ml-cada-7896045506040/p
2026-06-25 08:58:01,Sam's Club,Spaten,Cerveja Munich Helles Puro Malte Spaten Garrafa 600ml,"9,98",https://www.samsclub.com.br/cerveja-munich-helles-puro-malte-spaten-garrafa-600ml-789199129754/p
2026-06-25 08:58:01,Sam's Club,Spaten,Cerveja Spaten Munich Puro Malte Pack 8 Latas 269ml Cada,"28,98",https://www.samsclub.com.br/cerveja-spaten-munich-puro-malte-pack-8-latas-269ml-cada-7891991303354/p
2026-06-25 08:58:01,Sam's Club,Spaten,Cerveja Puro Malte Spaten Munich Pack 12 Unidades de 350ml Cada,"46,98",https://www.samsclub.com.br/cerveja-puro-malte-spaten-munich-pack-12-unidades-de-350ml-cada-7891991297424/p
2026-06-25 08:58:01,Sam's Club,Michelob,Cerveja Michelob Ultra Pack 6 Garrafas 330ml Cada,"32,94",https://www.samsclub.com.br/cerveja-michelob-ultra-pack-6-garrafas-330ml-cada-7891991299619/p
2026-06-25 08:58:01,Sam's Club,Stella Artois,Cerveja Puro Malte Stella Artois Belgium Garrafa 600ml,"9,98",https://www.samsclub.com.br/cerveja-puro-malte-stella-artois-belgium-garrafa-600ml-7891991295109/p
2026-06-25 08:58:01,Sam's Club,Stella Artois,Cerveja Stella Artois Gold Pack 6 Long Neck 330ml Cada,"40,48",https://www.samsclub.com.br/cerveja-stella-artois-gold-pack-6-long-neck-330ml-cada-7891991304870/p
2026-06-25 08:58:01,Sam's Club,Stella Artois,Cerveja Puro Malte Pure Gold Stella Artois Lata 8x350ml,"46,48",https://www.samsclub.com.br/cerveja-puro-malte-pure-gold-stella-artois-lata-8x350ml-7891991306485/p
2026-06-25 08:58:01,Sam's Club,Stella Artois,Cerveja Puro Malte Pure Gold sem Glúten Stella Artois Lata 8x269ml,"33,48",https://www.samsclub.com.br/cerveja-puro-malte-pure-gold-sem-gluten-stella-artois-lata-8x269ml-7891991306461/p
2026-06-25 08:58:01,Sam's Club,Stella Artois,Cerveja Pilsen Lager Premium Stella Artois Pack 6 Garrafas 330ml Cada,"34,74",https://www.samsclub.com.br/cerveja-pilsen-lager-premium-stella-artois-pack-6-garrafas-330ml-cada-7891991015462/p
2026-06-26 08:07:46,Sonda Delivery,Heineken,"Cerveja 0,0% álcool Heineken lata 269ml","3,59",https://www.sondadelivery.com.br/delivery/produto/cerveja-00-alcool-heineken-lata-269ml/1000045527
2026-06-26 08:07:46,Sonda Delivery,Heineken,"Cerveja 0,0% álcool Heineken long neck 330ml","8,02",https://www.sondadelivery.com.br/delivery/produto/cerveja-00-alcool-heineken-long-neck-330ml/1000034755
2026-06-26 08:07:46,Sonda Delivery,Heineken,Cerveja Heineken barril 5 Litros,"132,21",https://www.sondadelivery.com.br/delivery/produto/cerveja-heineken-barril-5-litros/1000007871
2026-06-26 08:07:46,Sonda Delivery,Heineken,Cerveja Heineken Lata - 473ml,"8,13",https://www.sondadelivery.com.br/delivery/produto/cerveja-heineken-lata---473ml/1000051283
2026-06-26 08:07:46,Sonda Delivery,Heineken,Cerveja Heineken lata 269ml,"3,59",https://www.sondadelivery.com.br/delivery/produto/cerveja-heineken-lata-269ml/1000042610
2026-06-26 08:07:46,Sonda Delivery,Heineken,Cerveja Heineken lata 350ml,"6,81",https://www.sondadelivery.com.br/delivery/produto/cerveja-heineken-lata-350ml/1000007872
2026-06-26 08:07:46,Sonda Delivery,Heineken,Cerveja Heineken long neck 250ml,"6,59",https://www.sondadelivery.com.br/delivery/produto/cerveja-heineken-long-neck-250ml/1000007927
2026-06-26 08:07:46,Sonda Delivery,Heineken,Cerveja Heineken long neck 330ml,"8,02",https://www.sondadelivery.com.br/delivery/produto/cerveja-heineken-long-neck-330ml/1000008685
2026-06-26 08:07:46,Sonda Delivery,Heineken,Cerveja Heineken long neck 600ml,"15,28",https://www.sondadelivery.com.br/delivery/produto/cerveja-heineken-long-neck-600ml/1000007926
2026-06-26 08:07:46,Sonda Delivery,Heineken,Cerveja Lager Puro Malte sem Glúten Heineken Ultimate Garrafa 330ml,"8,02",https://www.sondadelivery.com.br/delivery/produto/cerveja-lager-puro-malte-sem-gluten-heineken-ultimate-garrafa-330ml/1000056064
2026-06-26 08:07:46,Sonda Delivery,Heineken,Cerveja Lager Zero Álcool Heineken Lata 350ml,"6,81",https://www.sondadelivery.com.br/delivery/produto/cerveja-lager-zero-alcool-heineken-lata-350ml/1000034754
2026-06-26 08:07:46,Sonda Delivery,Spaten,Cerveja munich helles Spaten lata 269ml,"3,79",https://www.sondadelivery.com.br/delivery/produto/cerveja-munich-helles-spaten-lata-269ml/1000043131
2026-06-26 08:07:46,Sonda Delivery,Spaten,Cerveja munich puro malte Spaten lata 350ml,"4,89",https://www.sondadelivery.com.br/delivery/produto/cerveja-munich-puro-malte-spaten-lata-350ml/1000039001
2026-06-26 08:07:46,Sonda Delivery,Stella Artois,Cerveja pure gold Stella Artois lata 269ml,"5,05",https://www.sondadelivery.com.br/delivery/produto/cerveja-pure-gold-stella-artois-lata-269ml/1000049712
2026-06-26 08:07:46,Sonda Delivery,Stella Artois,Cerveja pure gold Stella Artois lata 350ml,"5,29",https://www.sondadelivery.com.br/delivery/produto/cerveja-pure-gold-stella-artois-lata-350ml/1000048737
2026-06-26 08:07:46,Sonda Delivery,Stella Artois,Cerveja pure gold Stella Artois long neck 330ml,"7,39",https://www.sondadelivery.com.br/delivery/produto/cerveja-pure-gold-stella-artois-long-neck-330ml/1000047453
2026-06-26 08:07:46,Sonda Delivery,Spaten,Cerveja puro malte munich helles Spaten garrafa 600ml,"9,99",https://www.sondadelivery.com.br/delivery/produto/cerveja-puro-malte-munich-helles-spaten-garrafa-600ml/1000041988
2026-06-26 08:07:46,Sonda Delivery,Spaten,Cerveja puro malte Spaten long neck 330ml,"5,99",https://www.sondadelivery.com.br/delivery/produto/cerveja-puro-malte-spaten-long-neck-330ml/1000050531
2026-06-26 08:07:46,Sonda Delivery,Stella Artois,Cerveja Stella Artois lata 269ml,"4,39",https://www.sondadelivery.com.br/delivery/produto/cerveja-stella-artois-lata-269ml/1000029439
2026-06-26 08:07:46,Sonda Delivery,Stella Artois,Cerveja Stella Artois lata 350ml,"5,49",https://www.sondadelivery.com.br/delivery/produto/cerveja-stella-artois-lata-350ml/1000032690
2026-06-26 08:07:46,Sonda Delivery,Stella Artois,Cerveja Stella Artois long neck 330ml,"6,89",https://www.sondadelivery.com.br/delivery/produto/cerveja-stella-artois-long-neck-330ml/1000032348
2026-06-26 08:07:46,Sonda Delivery,Michelob,Cerveja ultra Michelob lata 350ml,"4,69",https://www.sondadelivery.com.br/delivery/produto/cerveja-ultra-michelob-lata-350ml/1000040890
2026-06-26 08:07:46,Sam's Club,Heineken,Cerveja Heineken Ultimate Long Neck 6x330ml,"43,74",https://www.samsclub.com.br/cerveja-heineken-ultimate-long-neck-6x330ml-7896045507702/p
2026-06-26 08:07:46,Sam's Club,Heineken,Cerveja Lager Heineken Garrafa 600ml,"13,48",https://www.samsclub.com.br/cerveja-lager-heineken-600ml-0000078905498/p
2026-06-26 08:07:46,Sam's Club,Heineken,Cerveja Heineken Long Neck 6x250ml,"31,98",https://www.samsclub.com.br/cerveja-heineken-long-neck-6-250ml-7896045507276/p
2026-06-26 08:07:46,Sam's Club,Heineken,Cerveja Lager Chopp Premium Heineken Barril 5l,"94,98",https://www.samsclub.com.br/cerveja-lager-chopp-premium-heineken-barril-5l-8712000026011/p
2026-06-26 08:07:46,Sam's Club,Heineken,Cerveja Heineken Pack 8 Latas 269ml Cada,"31,12",https://www.samsclub.com.br/cerveja-heineken-pack-8-latas-269ml-cada-7896045506590/p
2026-06-26 08:07:46,Sam's Club,Heineken,Cerveja Heineken Sleek Pack 12 Latas 350ml Cada,"68,48",https://www.samsclub.com.br/cerveja-heineken-sleek-pack-12-latas-350ml-cada-7896045506873/p
2026-06-26 08:07:46,Sam's Club,Heineken,Chopeira Elétrica Heineken Krups Beertender B101 127V 5l,"999,90",https://www.samsclub.com.br/chopeira-eletrica-heineken-krups-beertender-b101-127v-5l-3045386377626/p
2026-06-26 08:07:46,Sam's Club,Heineken,Cerveja Lager Heineken Pack 6 Long Neck 330ml cada,"36,54",https://www.samsclub.com.br/cerveja-lager-heineken-pack-6-long-neck-330ml-cada-0000078936683/p
2026-06-26 08:07:46,Sam's Club,Heineken,Cerveja Heineken Zero Álcool Pack 8 Latas 269ml Cada,"36,98",https://www.samsclub.com.br/cerveja-heineken-zero-alcool-pack-8-latas-269ml-cada-7896045506859/p
2026-06-26 08:07:46,Sam's Club,Heineken,Cerveja Heineken Zero Álcool Sleek Pack 12 Latas 350ml Cada,"68,48",https://www.samsclub.com.br/cerveja-heineken-zero-alcool-sleek-pack-12-latas-350ml-cada-7896045506910/p
2026-06-26 08:07:46,Sam's Club,Heineken,Cerveja Lager Premium Puro Malte Zero Álcool Heineken Pack com 6 Unidades 330ml Cada,"39,98",https://www.samsclub.com.br/cerveja-lager-premium-puro-malte-zero-alcool-heineken-pack-com-6-unidades-330ml-cada-7896045506040/p
2026-06-26 08:07:46,Sam's Club,Spaten,Cerveja Munich Helles Puro Malte Spaten Garrafa 600ml,"9,98",https://www.samsclub.com.br/cerveja-munich-helles-puro-malte-spaten-garrafa-600ml-789199129754/p
2026-06-26 08:07:46,Sam's Club,Spaten,Cerveja Puro Malte Spaten Munich Pack 12 Unidades de 350ml Cada,"46,98",https://www.samsclub.com.br/cerveja-puro-malte-spaten-munich-pack-12-unidades-de-350ml-cada-7891991297424/p
2026-06-26 08:07:46,Sam's Club,Spaten,Cerveja Spaten Munich Puro Malte Pack 8 Latas 269ml Cada,"28,98",https://www.samsclub.com.br/cerveja-spaten-munich-puro-malte-pack-8-latas-269ml-cada-7891991303354/p
2026-06-26 08:07:46,Sam's Club,Michelob,Cerveja Michelob Ultra Pack 6 Garrafas 330ml Cada,"32,94",https://www.samsclub.com.br/cerveja-michelob-ultra-pack-6-garrafas-330ml-cada-7891991299619/p
2026-06-26 08:07:46,Sam's Club,Stella Artois,Cerveja Puro Malte Stella Artois Belgium Garrafa 600ml,"9,98",https://www.samsclub.com.br/cerveja-puro-malte-stella-artois-belgium-garrafa-600ml-7891991295109/p
2026-06-26 08:07:46,Sam's Club,Stella Artois,Cerveja Puro Malte Pure Gold Stella Artois Lata 8x350ml,"46,48",https://www.samsclub.com.br/cerveja-puro-malte-pure-gold-stella-artois-lata-8x350ml-7891991306485/p
2026-06-26 08:07:46,Sam's Club,Stella Artois,Cerveja Stella Artois Gold Pack 6 Long Neck 330ml Cada,"40,48",https://www.samsclub.com.br/cerveja-stella-artois-gold-pack-6-long-neck-330ml-cada-7891991304870/p
2026-06-26 08:07:46,Sam's Club,Stella Artois,Cerveja Puro Malte Pure Gold sem Glúten Stella Artois Lata 8x269ml,"33,48",https://www.samsclub.com.br/cerveja-puro-malte-pure-gold-sem-gluten-stella-artois-lata-8x269ml-7891991306461/p
2026-06-26 08:07:46,Sam's Club,Stella Artois,Cerveja Pilsen Lager Premium Stella Artois Pack 6 Garrafas 330ml Cada,"34,74",https://www.samsclub.com.br/cerveja-pilsen-lager-premium-stella-artois-pack-6-garrafas-330ml-cada-7891991015462/p
2026-06-26 08:22:44,Sonda Delivery,Heineken,"Cerveja 0,0% álcool Heineken lata 269ml","3,59",https://www.sondadelivery.com.br/delivery/produto/cerveja-00-alcool-heineken-lata-269ml/1000045527
2026-06-26 08:22:44,Sonda Delivery,Heineken,"Cerveja 0,0% álcool Heineken long neck 330ml","8,02",https://www.sondadelivery.com.br/delivery/produto/cerveja-00-alcool-heineken-long-neck-330ml/1000034755
2026-06-26 08:22:44,Sonda Delivery,Heineken,Cerveja Heineken barril 5 Litros,"132,21",https://www.sondadelivery.com.br/delivery/produto/cerveja-heineken-barril-5-litros/1000007871
2026-06-26 08:22:44,Sonda Delivery,Heineken,Cerveja Heineken Lata - 473ml,"8,13",https://www.sondadelivery.com.br/delivery/produto/cerveja-heineken-lata---473ml/1000051283
2026-06-26 08:22:44,Sonda Delivery,Heineken,Cerveja Heineken lata 269ml,"3,59",https://www.sondadelivery.com.br/delivery/produto/cerveja-heineken-lata-269ml/1000042610
2026-06-26 08:22:44,Sonda Delivery,Heineken,Cerveja Heineken lata 350ml,"6,81",https://www.sondadelivery.com.br/delivery/produto/cerveja-heineken-lata-350ml/1000007872
2026-06-26 08:22:44,Sonda Delivery,Heineken,Cerveja Heineken long neck 250ml,"6,59",https://www.sondadelivery.com.br/delivery/produto/cerveja-heineken-long-neck-250ml/1000007927
2026-06-26 08:22:44,Sonda Delivery,Heineken,Cerveja Heineken long neck 330ml,"8,02",https://www.sondadelivery.com.br/delivery/produto/cerveja-heineken-long-neck-330ml/1000008685
2026-06-26 08:22:44,Sonda Delivery,Heineken,Cerveja Heineken long neck 600ml,"15,28",https://www.sondadelivery.com.br/delivery/produto/cerveja-heineken-long-neck-600ml/1000007926
2026-06-26 08:22:44,Sonda Delivery,Heineken,Cerveja Lager Puro Malte sem Glúten Heineken Ultimate Garrafa 330ml,"8,02",https://www.sondadelivery.com.br/delivery/produto/cerveja-lager-puro-malte-sem-gluten-heineken-ultimate-garrafa-330ml/1000056064
2026-06-26 08:22:44,Sonda Delivery,Heineken,Cerveja Lager Zero Álcool Heineken Lata 350ml,"6,81",https://www.sondadelivery.com.br/delivery/produto/cerveja-lager-zero-alcool-heineken-lata-350ml/1000034754
2026-06-26 08:22:44,Sonda Delivery,Spaten,Cerveja munich helles Spaten lata 269ml,"3,79",https://www.sondadelivery.com.br/delivery/produto/cerveja-munich-helles-spaten-lata-269ml/1000043131
2026-06-26 08:22:44,Sonda Delivery,Spaten,Cerveja munich puro malte Spaten lata 350ml,"4,89",https://www.sondadelivery.com.br/delivery/produto/cerveja-munich-puro-malte-spaten-lata-350ml/1000039001
2026-06-26 08:22:44,Sonda Delivery,Stella Artois,Cerveja pure gold Stella Artois lata 269ml,"5,05",https://www.sondadelivery.com.br/delivery/produto/cerveja-pure-gold-stella-artois-lata-269ml/1000049712
2026-06-26 08:22:44,Sonda Delivery,Stella Artois,Cerveja pure gold Stella Artois lata 350ml,"5,29",https://www.sondadelivery.com.br/delivery/produto/cerveja-pure-gold-stella-artois-lata-350ml/1000048737
2026-06-26 08:22:44,Sonda Delivery,Stella Artois,Cerveja pure gold Stella Artois long neck 330ml,"7,39",https://www.sondadelivery.com.br/delivery/produto/cerveja-pure-gold-stella-artois-long-neck-330ml/1000047453
2026-06-26 08:22:44,Sonda Delivery,Spaten,Cerveja puro malte munich helles Spaten garrafa 600ml,"9,99",https://www.sondadelivery.com.br/delivery/produto/cerveja-puro-malte-munich-helles-spaten-garrafa-600ml/1000041988
2026-06-26 08:22:44,Sonda Delivery,Spaten,Cerveja puro malte Spaten long neck 330ml,"5,99",https://www.sondadelivery.com.br/delivery/produto/cerveja-puro-malte-spaten-long-neck-330ml/1000050531
2026-06-26 08:22:44,Sonda Delivery,Stella Artois,Cerveja Stella Artois lata 269ml,"4,39",https://www.sondadelivery.com.br/delivery/produto/cerveja-stella-artois-lata-269ml/1000029439
2026-06-26 08:22:44,Sonda Delivery,Stella Artois,Cerveja Stella Artois lata 350ml,"5,49",https://www.sondadelivery.com.br/delivery/produto/cerveja-stella-artois-lata-350ml/1000032690
2026-06-26 08:22:44,Sonda Delivery,Stella Artois,Cerveja Stella Artois long neck 330ml,"6,89",https://www.sondadelivery.com.br/delivery/produto/cerveja-stella-artois-long-neck-330ml/1000032348
2026-06-26 08:22:44,Sonda Delivery,Michelob,Cerveja ultra Michelob lata 350ml,"4,69",https://www.sondadelivery.com.br/delivery/produto/cerveja-ultra-michelob-lata-350ml/1000040890
2026-06-26 08:22:44,Sam's Club,Heineken,Cerveja Heineken Ultimate Long Neck 6x330ml,"43,74",https://www.samsclub.com.br/cerveja-heineken-ultimate-long-neck-6x330ml-7896045507702/p
2026-06-26 08:22:44,Sam's Club,Heineken,Cerveja Lager Heineken Garrafa 600ml,"13,48",https://www.samsclub.com.br/cerveja-lager-heineken-600ml-0000078905498/p
2026-06-26 08:22:44,Sam's Club,Heineken,Cerveja Heineken Long Neck 6x250ml,"31,98",https://www.samsclub.com.br/cerveja-heineken-long-neck-6-250ml-7896045507276/p
2026-06-26 08:22:44,Sam's Club,Heineken,Cerveja Lager Chopp Premium Heineken Barril 5l,"94,98",https://www.samsclub.com.br/cerveja-lager-chopp-premium-heineken-barril-5l-8712000026011/p
2026-06-26 08:22:44,Sam's Club,Heineken,Cerveja Heineken Pack 8 Latas 269ml Cada,"31,12",https://www.samsclub.com.br/cerveja-heineken-pack-8-latas-269ml-cada-7896045506590/p
2026-06-26 08:22:44,Sam's Club,Heineken,Cerveja Heineken Sleek Pack 12 Latas 350ml Cada,"68,48",https://www.samsclub.com.br/cerveja-heineken-sleek-pack-12-latas-350ml-cada-7896045506873/p
2026-06-26 08:22:44,Sam's Club,Heineken,Chopeira Elétrica Heineken Krups Beertender B101 127V 5l,"999,90",https://www.samsclub.com.br/chopeira-eletrica-heineken-krups-beertender-b101-127v-5l-3045386377626/p
2026-06-26 08:22:44,Sam's Club,Heineken,Cerveja Lager Heineken Pack 6 Long Neck 330ml cada,"36,54",https://www.samsclub.com.br/cerveja-lager-heineken-pack-6-long-neck-330ml-cada-0000078936683/p
2026-06-26 08:22:44,Sam's Club,Heineken,Cerveja Heineken Zero Álcool Pack 8 Latas 269ml Cada,"36,98",https://www.samsclub.com.br/cerveja-heineken-zero-alcool-pack-8-latas-269ml-cada-7896045506859/p
2026-06-26 08:22:44,Sam's Club,Heineken,Cerveja Heineken Zero Álcool Sleek Pack 12 Latas 350ml Cada,"68,48",https://www.samsclub.com.br/cerveja-heineken-zero-alcool-sleek-pack-12-latas-350ml-cada-7896045506910/p
2026-06-26 08:22:44,Sam's Club,Heineken,Cerveja Lager Premium Puro Malte Zero Álcool Heineken Pack com 6 Unidades 330ml Cada,"39,98",https://www.samsclub.com.br/cerveja-lager-premium-puro-malte-zero-alcool-heineken-pack-com-6-unidades-330ml-cada-7896045506040/p
2026-06-26 08:22:44,Sam's Club,Spaten,Cerveja Munich Helles Puro Malte Spaten Garrafa 600ml,"9,98",https://www.samsclub.com.br/cerveja-munich-helles-puro-malte-spaten-garrafa-600ml-789199129754/p
2026-06-26 08:22:44,Sam's Club,Spaten,Cerveja Puro Malte Spaten Munich Pack 12 Unidades de 350ml Cada,"46,98",https://www.samsclub.com.br/cerveja-puro-malte-spaten-munich-pack-12-unidades-de-350ml-cada-7891991297424/p
2026-06-26 08:22:44,Sam's Club,Spaten,Cerveja Spaten Munich Puro Malte Pack 8 Latas 269ml Cada,"28,98",https://www.samsclub.com.br/cerveja-spaten-munich-puro-malte-pack-8-latas-269ml-cada-7891991303354/p
2026-06-26 08:22:44,Sam's Club,Michelob,Cerveja Michelob Ultra Pack 6 Garrafas 330ml Cada,"32,94",https://www.samsclub.com.br/cerveja-michelob-ultra-pack-6-garrafas-330ml-cada-7891991299619/p
2026-06-26 08:22:44,Sam's Club,Stella Artois,Cerveja Puro Malte Stella Artois Belgium Garrafa 600ml,"9,98",https://www.samsclub.com.br/cerveja-puro-malte-stella-artois-belgium-garrafa-600ml-7891991295109/p
2026-06-26 08:22:44,Sam's Club,Stella Artois,Cerveja Puro Malte Pure Gold Stella Artois Lata 8x350ml,"46,48",https://www.samsclub.com.br/cerveja-puro-malte-pure-gold-stella-artois-lata-8x350ml-7891991306485/p
2026-06-26 08:22:44,Sam's Club,Stella Artois,Cerveja Stella Artois Gold Pack 6 Long Neck 330ml Cada,"40,48",https://www.samsclub.com.br/cerveja-stella-artois-gold-pack-6-long-neck-330ml-cada-7891991304870/p
2026-06-26 08:22:44,Sam's Club,Stella Artois,Cerveja Puro Malte Pure Gold sem Glúten Stella Artois Lata 8x269ml,"33,48",https://www.samsclub.com.br/cerveja-puro-malte-pure-gold-sem-gluten-stella-artois-lata-8x269ml-7891991306461/p
2026-06-26 08:22:44,Sam's Club,Stella Artois,Cerveja Pilsen Lager Premium Stella Artois Pack 6 Garrafas 330ml Cada,"34,74",https://www.samsclub.com.br/cerveja-pilsen-lager-premium-stella-artois-pack-6-garrafas-330ml-cada-7891991015462/p
2026-06-28 08:00:40,Sonda Delivery,Heineken,"Cerveja 0,0% álcool Heineken lata 269ml","3,59",https://www.sondadelivery.com.br/delivery/produto/cerveja-00-alcool-heineken-lata-269ml/1000045527
2026-06-28 08:00:40,Sonda Delivery,Heineken,"Cerveja 0,0% álcool Heineken long neck 330ml","8,02",https://www.sondadelivery.com.br/delivery/produto/cerveja-00-alcool-heineken-long-neck-330ml/1000034755
2026-06-28 08:00:40,Sonda Delivery,Heineken,Cerveja Heineken barril 5 Litros,"132,21",https://www.sondadelivery.com.br/delivery/produto/cerveja-heineken-barril-5-litros/1000007871
2026-06-28 08:00:40,Sonda Delivery,Heineken,Cerveja Heineken Lata - 473ml,"8,13",https://www.sondadelivery.com.br/delivery/produto/cerveja-heineken-lata---473ml/1000051283
2026-06-28 08:00:40,Sonda Delivery,Heineken,Cerveja Heineken lata 269ml,"3,59",https://www.sondadelivery.com.br/delivery/produto/cerveja-heineken-lata-269ml/1000042610
2026-06-28 08:00:40,Sonda Delivery,Heineken,Cerveja Heineken lata 350ml,"6,81",https://www.sondadelivery.com.br/delivery/produto/cerveja-heineken-lata-350ml/1000007872
2026-06-28 08:00:40,Sonda Delivery,Heineken,Cerveja Heineken long neck 250ml,"6,59",https://www.sondadelivery.com.br/delivery/produto/cerveja-heineken-long-neck-250ml/1000007927
2026-06-28 08:00:40,Sonda Delivery,Heineken,Cerveja Heineken long neck 330ml,"8,02",https://www.sondadelivery.com.br/delivery/produto/cerveja-heineken-long-neck-330ml/1000008685
2026-06-28 08:00:40,Sonda Delivery,Heineken,Cerveja Heineken long neck 600ml,"15,28",https://www.sondadelivery.com.br/delivery/produto/cerveja-heineken-long-neck-600ml/1000007926
2026-06-28 08:00:40,Sonda Delivery,Heineken,Cerveja Lager Puro Malte sem Glúten Heineken Ultimate Garrafa 330ml,"8,02",https://www.sondadelivery.com.br/delivery/produto/cerveja-lager-puro-malte-sem-gluten-heineken-ultimate-garrafa-330ml/1000056064
2026-06-28 08:00:40,Sonda Delivery,Heineken,Cerveja Lager Zero Álcool Heineken Lata 350ml,"6,81",https://www.sondadelivery.com.br/delivery/produto/cerveja-lager-zero-alcool-heineken-lata-350ml/1000034754
2026-06-28 08:00:40,Sonda Delivery,Spaten,Cerveja munich helles Spaten lata 269ml,"2,99",https://www.sondadelivery.com.br/delivery/produto/cerveja-munich-helles-spaten-lata-269ml/1000043131
2026-06-28 08:00:40,Sonda Delivery,Spaten,Cerveja munich puro malte Spaten lata 350ml,"4,89",https://www.sondadelivery.com.br/delivery/produto/cerveja-munich-puro-malte-spaten-lata-350ml/1000039001
2026-06-28 08:00:40,Sonda Delivery,Stella Artois,Cerveja pure gold Stella Artois lata 269ml,"5,05",https://www.sondadelivery.com.br/delivery/produto/cerveja-pure-gold-stella-artois-lata-269ml/1000049712
2026-06-28 08:00:40,Sonda Delivery,Stella Artois,Cerveja pure gold Stella Artois lata 350ml,"5,29",https://www.sondadelivery.com.br/delivery/produto/cerveja-pure-gold-stella-artois-lata-350ml/1000048737
2026-06-28 08:00:40,Sonda Delivery,Stella Artois,Cerveja pure gold Stella Artois long neck 330ml,"7,39",https://www.sondadelivery.com.br/delivery/produto/cerveja-pure-gold-stella-artois-long-neck-330ml/1000047453
2026-06-28 08:00:40,Sonda Delivery,Spaten,Cerveja puro malte munich helles Spaten garrafa 600ml,"9,99",https://www.sondadelivery.com.br/delivery/produto/cerveja-puro-malte-munich-helles-spaten-garrafa-600ml/1000041988
2026-06-28 08:00:40,Sonda Delivery,Spaten,Cerveja puro malte Spaten long neck 330ml,"5,99",https://www.sondadelivery.com.br/delivery/produto/cerveja-puro-malte-spaten-long-neck-330ml/1000050531
2026-06-28 08:00:40,Sonda Delivery,Stella Artois,Cerveja Stella Artois lata 269ml,"4,39",https://www.sondadelivery.com.br/delivery/produto/cerveja-stella-artois-lata-269ml/1000029439
2026-06-28 08:00:40,Sonda Delivery,Stella Artois,Cerveja Stella Artois lata 350ml,"5,49",https://www.sondadelivery.com.br/delivery/produto/cerveja-stella-artois-lata-350ml/1000032690
2026-06-28 08:00:40,Sonda Delivery,Stella Artois,Cerveja Stella Artois long neck 330ml,"6,89",https://www.sondadelivery.com.br/delivery/produto/cerveja-stella-artois-long-neck-330ml/1000032348
2026-06-28 08:00:40,Sonda Delivery,Michelob,Cerveja ultra Michelob lata 350ml,"4,69",https://www.sondadelivery.com.br/delivery/produto/cerveja-ultra-michelob-lata-350ml/1000040890
2026-06-28 08:00:40,Sam's Club,Heineken,Cerveja Heineken Ultimate Long Neck 6x330ml,"43,74",https://www.samsclub.com.br/cerveja-heineken-ultimate-long-neck-6x330ml-7896045507702/p
2026-06-28 08:00:40,Sam's Club,Heineken,Cerveja Lager Heineken Garrafa 600ml,"13,48",https://www.samsclub.com.br/cerveja-lager-heineken-600ml-0000078905498/p
2026-06-28 08:00:40,Sam's Club,Heineken,Cerveja Heineken Long Neck 6x250ml,"31,98",https://www.samsclub.com.br/cerveja-heineken-long-neck-6-250ml-7896045507276/p
2026-06-28 08:00:40,Sam's Club,Heineken,Cerveja Lager Chopp Premium Heineken Barril 5l,"94,98",https://www.samsclub.com.br/cerveja-lager-chopp-premium-heineken-barril-5l-8712000026011/p
2026-06-28 08:00:40,Sam's Club,Heineken,Cerveja Heineken Pack 8 Latas 269ml Cada,"31,12",https://www.samsclub.com.br/cerveja-heineken-pack-8-latas-269ml-cada-7896045506590/p
2026-06-28 08:00:40,Sam's Club,Heineken,Cerveja Heineken Sleek Pack 12 Latas 350ml Cada,"68,48",https://www.samsclub.com.br/cerveja-heineken-sleek-pack-12-latas-350ml-cada-7896045506873/p
2026-06-28 08:00:40,Sam's Club,Heineken,Chopeira Elétrica Heineken Krups Beertender B101 127V 5l,"999,90",https://www.samsclub.com.br/chopeira-eletrica-heineken-krups-beertender-b101-127v-5l-3045386377626/p
2026-06-28 08:00:40,Sam's Club,Heineken,Cerveja Lager Heineken Pack 6 Long Neck 330ml cada,"36,54",https://www.samsclub.com.br/cerveja-lager-heineken-pack-6-long-neck-330ml-cada-0000078936683/p
2026-06-28 08:00:40,Sam's Club,Heineken,Cerveja Heineken Zero Álcool Pack 8 Latas 269ml Cada,"36,98",https://www.samsclub.com.br/cerveja-heineken-zero-alcool-pack-8-latas-269ml-cada-7896045506859/p
2026-06-28 08:00:40,Sam's Club,Heineken,Cerveja Heineken Zero Álcool Sleek Pack 12 Latas 350ml Cada,"68,48",https://www.samsclub.com.br/cerveja-heineken-zero-alcool-sleek-pack-12-latas-350ml-cada-7896045506910/p
2026-06-28 08:00:40,Sam's Club,Heineken,Cerveja Lager Premium Puro Malte Zero Álcool Heineken Pack com 6 Unidades 330ml Cada,"39,98",https://www.samsclub.com.br/cerveja-lager-premium-puro-malte-zero-alcool-heineken-pack-com-6-unidades-330ml-cada-7896045506040/p
2026-06-28 08:00:40,Sam's Club,Spaten,Cerveja Munich Helles Puro Malte Spaten Garrafa 600ml,"9,98",https://www.samsclub.com.br/cerveja-munich-helles-puro-malte-spaten-garrafa-600ml-789199129754/p
2026-06-28 08:00:40,Sam's Club,Spaten,Cerveja Puro Malte Spaten Munich Pack 12 Unidades de 350ml Cada,"46,98",https://www.samsclub.com.br/cerveja-puro-malte-spaten-munich-pack-12-unidades-de-350ml-cada-7891991297424/p
2026-06-28 08:00:40,Sam's Club,Spaten,Cerveja Spaten Munich Puro Malte Pack 8 Latas 269ml Cada,"28,98",https://www.samsclub.com.br/cerveja-spaten-munich-puro-malte-pack-8-latas-269ml-cada-7891991303354/p
2026-06-28 08:00:40,Sam's Club,Michelob,Cerveja Michelob Ultra Pack 6 Garrafas 330ml Cada,"32,94",https://www.samsclub.com.br/cerveja-michelob-ultra-pack-6-garrafas-330ml-cada-7891991299619/p
2026-06-28 08:00:40,Sam's Club,Stella Artois,Cerveja Puro Malte Stella Artois Belgium Garrafa 600ml,"9,98",https://www.samsclub.com.br/cerveja-puro-malte-stella-artois-belgium-garrafa-600ml-7891991295109/p
2026-06-28 08:00:40,Sam's Club,Stella Artois,Cerveja Stella Artois Gold Pack 6 Long Neck 330ml Cada,"40,48",https://www.samsclub.com.br/cerveja-stella-artois-gold-pack-6-long-neck-330ml-cada-7891991304870/p
2026-06-28 08:00:40,Sam's Club,Stella Artois,Cerveja Puro Malte Pure Gold Stella Artois Lata 8x350ml,"46,48",https://www.samsclub.com.br/cerveja-puro-malte-pure-gold-stella-artois-lata-8x350ml-7891991306485/p
2026-06-28 08:00:40,Sam's Club,Stella Artois,Cerveja Puro Malte Pure Gold sem Glúten Stella Artois Lata 8x269ml,"33,48",https://www.samsclub.com.br/cerveja-puro-malte-pure-gold-sem-gluten-stella-artois-lata-8x269ml-7891991306461/p
2026-06-28 08:00:40,Sam's Club,Stella Artois,Cerveja Pilsen Lager Premium Stella Artois Pack 6 Garrafas 330ml Cada,"34,74",https://www.samsclub.com.br/cerveja-pilsen-lager-premium-stella-artois-pack-6-garrafas-330ml-cada-7891991015462/p
2026-06-29 08:00:38,Sonda Delivery,Heineken,Cerveja Heineken barril 5 Litros,"132,21",https://www.sondadelivery.com.br/delivery/produto/cerveja-heineken-barril-5-litros/1000007871
2026-06-29 08:00:38,Sonda Delivery,Heineken,Cerveja Heineken Lata - 473ml,"8,13",https://www.sondadelivery.com.br/delivery/produto/cerveja-heineken-lata---473ml/1000051283
2026-06-29 08:00:38,Sonda Delivery,Heineken,Cerveja Heineken lata 269ml,"5,49",https://www.sondadelivery.com.br/delivery/produto/cerveja-heineken-lata-269ml/1000042610
2026-06-29 08:00:38,Sonda Delivery,Heineken,Cerveja Heineken lata 350ml,"6,81",https://www.sondadelivery.com.br/delivery/produto/cerveja-heineken-lata-350ml/1000007872
2026-06-29 08:00:38,Sonda Delivery,Heineken,Cerveja Heineken long neck 250ml,"6,59",https://www.sondadelivery.com.br/delivery/produto/cerveja-heineken-long-neck-250ml/1000007927
2026-06-29 08:00:38,Sonda Delivery,Heineken,Cerveja Heineken long neck 330ml,"8,02",https://www.sondadelivery.com.br/delivery/produto/cerveja-heineken-long-neck-330ml/1000008685
2026-06-29 08:00:38,Sonda Delivery,Heineken,Cerveja Heineken long neck 600ml,"15,28",https://www.sondadelivery.com.br/delivery/produto/cerveja-heineken-long-neck-600ml/1000007926
2026-06-29 08:00:38,Sonda Delivery,Heineken,Cerveja Lager Puro Malte sem Glúten Heineken Ultimate Garrafa 330ml,"8,02",https://www.sondadelivery.com.br/delivery/produto/cerveja-lager-puro-malte-sem-gluten-heineken-ultimate-garrafa-330ml/1000056064
2026-06-29 08:00:38,Sonda Delivery,Spaten,Cerveja munich helles Spaten lata 269ml,"2,99",https://www.sondadelivery.com.br/delivery/produto/cerveja-munich-helles-spaten-lata-269ml/1000043131
2026-06-29 08:00:38,Sonda Delivery,Spaten,Cerveja munich puro malte Spaten lata 350ml,"4,89",https://www.sondadelivery.com.br/delivery/produto/cerveja-munich-puro-malte-spaten-lata-350ml/1000039001
2026-06-29 08:00:38,Sonda Delivery,Stella Artois,Cerveja pure gold Stella Artois lata 269ml,"5,05",https://www.sondadelivery.com.br/delivery/produto/cerveja-pure-gold-stella-artois-lata-269ml/1000049712
2026-06-29 08:00:38,Sonda Delivery,Stella Artois,Cerveja pure gold Stella Artois lata 350ml,"5,29",https://www.sondadelivery.com.br/delivery/produto/cerveja-pure-gold-stella-artois-lata-350ml/1000048737
2026-06-29 08:00:38,Sonda Delivery,Stella Artois,Cerveja pure gold Stella Artois long neck 330ml,"7,39",https://www.sondadelivery.com.br/delivery/produto/cerveja-pure-gold-stella-artois-long-neck-330ml/1000047453
2026-06-29 08:00:38,Sonda Delivery,Spaten,Cerveja puro malte munich helles Spaten garrafa 600ml,"9,99",https://www.sondadelivery.com.br/delivery/produto/cerveja-puro-malte-munich-helles-spaten-garrafa-600ml/1000041988
2026-06-29 08:00:38,Sonda Delivery,Spaten,Cerveja puro malte Spaten long neck 330ml,"5,99",https://www.sondadelivery.com.br/delivery/produto/cerveja-puro-malte-spaten-long-neck-330ml/1000050531
2026-06-29 08:00:38,Sonda Delivery,Stella Artois,Cerveja Stella Artois lata 269ml,"4,39",https://www.sondadelivery.com.br/delivery/produto/cerveja-stella-artois-lata-269ml/1000029439
2026-06-29 08:00:38,Sonda Delivery,Stella Artois,Cerveja Stella Artois lata 350ml,"5,49",https://www.sondadelivery.com.br/delivery/produto/cerveja-stella-artois-lata-350ml/1000032690
2026-06-29 08:00:38,Sonda Delivery,Stella Artois,Cerveja Stella Artois long neck 330ml,"6,89",https://www.sondadelivery.com.br/delivery/produto/cerveja-stella-artois-long-neck-330ml/1000032348
2026-06-29 08:00:38,Sonda Delivery,Michelob,Cerveja ultra Michelob lata 350ml,"4,69",https://www.sondadelivery.com.br/delivery/produto/cerveja-ultra-michelob-lata-350ml/1000040890
2026-06-29 08:00:38,Sam's Club,Heineken,Cerveja Heineken Ultimate Long Neck 6x330ml,"43,74",https://www.samsclub.com.br/cerveja-heineken-ultimate-long-neck-6x330ml-7896045507702/p
2026-06-29 08:00:38,Sam's Club,Heineken,Cerveja Lager Heineken Garrafa 600ml,"13,48",https://www.samsclub.com.br/cerveja-lager-heineken-600ml-0000078905498/p
2026-06-29 08:00:38,Sam's Club,Heineken,Cerveja Heineken Long Neck 6x250ml,"31,98",https://www.samsclub.com.br/cerveja-heineken-long-neck-6-250ml-7896045507276/p
2026-06-29 08:00:38,Sam's Club,Heineken,Cerveja Lager Chopp Premium Heineken Barril 5l,"94,98",https://www.samsclub.com.br/cerveja-lager-chopp-premium-heineken-barril-5l-8712000026011/p
2026-06-29 08:00:38,Sam's Club,Heineken,Cerveja Heineken Pack 8 Latas 269ml Cada,"31,12",https://www.samsclub.com.br/cerveja-heineken-pack-8-latas-269ml-cada-7896045506590/p
2026-06-29 08:00:38,Sam's Club,Heineken,Cerveja Heineken Sleek Pack 12 Latas 350ml Cada,"68,48",https://www.samsclub.com.br/cerveja-heineken-sleek-pack-12-latas-350ml-cada-7896045506873/p
2026-06-29 08:00:38,Sam's Club,Heineken,Chopeira Elétrica Heineken Krups Beertender B101 127V 5l,"999,90",https://www.samsclub.com.br/chopeira-eletrica-heineken-krups-beertender-b101-127v-5l-3045386377626/p
2026-06-29 08:00:38,Sam's Club,Heineken,Cerveja Lager Heineken Pack 6 Long Neck 330ml cada,"36,54",https://www.samsclub.com.br/cerveja-lager-heineken-pack-6-long-neck-330ml-cada-0000078936683/p
2026-06-29 08:00:38,Sam's Club,Heineken,Cerveja Heineken Zero Álcool Pack 8 Latas 269ml Cada,"36,98",https://www.samsclub.com.br/cerveja-heineken-zero-alcool-pack-8-latas-269ml-cada-7896045506859/p
2026-06-29 08:00:38,Sam's Club,Heineken,Cerveja Heineken Zero Álcool Sleek Pack 12 Latas 350ml Cada,"68,48",https://www.samsclub.com.br/cerveja-heineken-zero-alcool-sleek-pack-12-latas-350ml-cada-7896045506910/p
2026-06-29 08:00:38,Sam's Club,Heineken,Cerveja Lager Premium Puro Malte Zero Álcool Heineken Pack com 6 Unidades 330ml Cada,"39,98",https://www.samsclub.com.br/cerveja-lager-premium-puro-malte-zero-alcool-heineken-pack-com-6-unidades-330ml-cada-7896045506040/p
2026-06-29 08:00:38,Sam's Club,Spaten,Cerveja Munich Helles Puro Malte Spaten Garrafa 600ml,"9,98",https://www.samsclub.com.br/cerveja-munich-helles-puro-malte-spaten-garrafa-600ml-789199129754/p
2026-06-29 08:00:38,Sam's Club,Spaten,Cerveja Puro Malte Spaten Munich Pack 12 Unidades de 350ml Cada,"46,98",https://www.samsclub.com.br/cerveja-puro-malte-spaten-munich-pack-12-unidades-de-350ml-cada-7891991297424/p
2026-06-29 08:00:38,Sam's Club,Spaten,Cerveja Spaten Munich Puro Malte Pack 8 Latas 269ml Cada,"28,98",https://www.samsclub.com.br/cerveja-spaten-munich-puro-malte-pack-8-latas-269ml-cada-7891991303354/p
2026-06-29 08:00:38,Sam's Club,Michelob,Cerveja Michelob Ultra Pack 6 Garrafas 330ml Cada,"32,94",https://www.samsclub.com.br/cerveja-michelob-ultra-pack-6-garrafas-330ml-cada-7891991299619/p
2026-06-29 08:00:38,Sam's Club,Stella Artois,Cerveja Puro Malte Stella Artois Belgium Garrafa 600ml,"9,98",https://www.samsclub.com.br/cerveja-puro-malte-stella-artois-belgium-garrafa-600ml-7891991295109/p
2026-06-29 08:00:38,Sam's Club,Stella Artois,Cerveja Stella Artois Gold Pack 6 Long Neck 330ml Cada,"40,48",https://www.samsclub.com.br/cerveja-stella-artois-gold-pack-6-long-neck-330ml-cada-7891991304870/p
2026-06-29 08:00:38,Sam's Club,Stella Artois,Cerveja Puro Malte Pure Gold Stella Artois Lata 8x350ml,"46,48",https://www.samsclub.com.br/cerveja-puro-malte-pure-gold-stella-artois-lata-8x350ml-7891991306485/p
2026-06-29 08:00:38,Sam's Club,Stella Artois,Cerveja Puro Malte Pure Gold sem Glúten Stella Artois Lata 8x269ml,"33,48",https://www.samsclub.com.br/cerveja-puro-malte-pure-gold-sem-gluten-stella-artois-lata-8x269ml-7891991306461/p
2026-06-29 08:00:38,Sam's Club,Stella Artois,Cerveja Pilsen Lager Premium Stella Artois Pack 6 Garrafas 330ml Cada,"34,74",https://www.samsclub.com.br/cerveja-pilsen-lager-premium-stella-artois-pack-6-garrafas-330ml-cada-7891991015462/p
2026-06-30 08:00:40,Sonda Delivery,Heineken,"Cerveja 0,0% álcool Heineken lata 269ml","5,49",https://www.sondadelivery.com.br/delivery/produto/cerveja-00-alcool-heineken-lata-269ml/1000045527
2026-06-30 08:00:40,Sonda Delivery,Heineken,"Cerveja 0,0% álcool Heineken long neck 330ml","8,02",https://www.sondadelivery.com.br/delivery/produto/cerveja-00-alcool-heineken-long-neck-330ml/1000034755
2026-06-30 08:00:40,Sonda Delivery,Heineken,Cerveja Heineken Lata - 473ml,"8,13",https://www.sondadelivery.com.br/delivery/produto/cerveja-heineken-lata---473ml/1000051283
2026-06-30 08:00:40,Sonda Delivery,Heineken,Cerveja Heineken lata 269ml,"5,49",https://www.sondadelivery.com.br/delivery/produto/cerveja-heineken-lata-269ml/1000042610
2026-06-30 08:00:40,Sonda Delivery,Heineken,Cerveja Heineken lata 350ml,"6,81",https://www.sondadelivery.com.br/delivery/produto/cerveja-heineken-lata-350ml/1000007872
2026-06-30 08:00:40,Sonda Delivery,Heineken,Cerveja Heineken long neck 250ml,"6,59",https://www.sondadelivery.com.br/delivery/produto/cerveja-heineken-long-neck-250ml/1000007927
2026-06-30 08:00:40,Sonda Delivery,Heineken,Cerveja Heineken long neck 330ml,"8,02",https://www.sondadelivery.com.br/delivery/produto/cerveja-heineken-long-neck-330ml/1000008685
2026-06-30 08:00:40,Sonda Delivery,Heineken,Cerveja Heineken long neck 600ml,"15,28",https://www.sondadelivery.com.br/delivery/produto/cerveja-heineken-long-neck-600ml/1000007926
2026-06-30 08:00:40,Sonda Delivery,Heineken,Cerveja Lager Puro Malte sem Glúten Heineken Ultimate Garrafa 330ml,"8,02",https://www.sondadelivery.com.br/delivery/produto/cerveja-lager-puro-malte-sem-gluten-heineken-ultimate-garrafa-330ml/1000056064
2026-06-30 08:00:40,Sonda Delivery,Heineken,Cerveja Lager Zero Álcool Heineken Lata 350ml,"6,81",https://www.sondadelivery.com.br/delivery/produto/cerveja-lager-zero-alcool-heineken-lata-350ml/1000034754
2026-06-30 08:00:40,Sonda Delivery,Spaten,Cerveja munich helles Spaten lata 269ml,"3,79",https://www.sondadelivery.com.br/delivery/produto/cerveja-munich-helles-spaten-lata-269ml/1000043131
2026-06-30 08:00:40,Sonda Delivery,Spaten,Cerveja munich puro malte Spaten lata 350ml,"4,89",https://www.sondadelivery.com.br/delivery/produto/cerveja-munich-puro-malte-spaten-lata-350ml/1000039001
2026-06-30 08:00:40,Sonda Delivery,Stella Artois,Cerveja pure gold Stella Artois lata 269ml,"5,05",https://www.sondadelivery.com.br/delivery/produto/cerveja-pure-gold-stella-artois-lata-269ml/1000049712
2026-06-30 08:00:40,Sonda Delivery,Stella Artois,Cerveja pure gold Stella Artois lata 350ml,"5,89",https://www.sondadelivery.com.br/delivery/produto/cerveja-pure-gold-stella-artois-lata-350ml/1000048737
2026-06-30 08:00:40,Sonda Delivery,Stella Artois,Cerveja pure gold Stella Artois long neck 330ml,"7,39",https://www.sondadelivery.com.br/delivery/produto/cerveja-pure-gold-stella-artois-long-neck-330ml/1000047453
2026-06-30 08:00:40,Sonda Delivery,Spaten,Cerveja puro malte munich helles Spaten garrafa 600ml,"9,99",https://www.sondadelivery.com.br/delivery/produto/cerveja-puro-malte-munich-helles-spaten-garrafa-600ml/1000041988
2026-06-30 08:00:40,Sonda Delivery,Spaten,Cerveja puro malte Spaten long neck 330ml,"5,99",https://www.sondadelivery.com.br/delivery/produto/cerveja-puro-malte-spaten-long-neck-330ml/1000050531
2026-06-30 08:00:40,Sonda Delivery,Stella Artois,Cerveja Stella Artois lata 269ml,"4,39",https://www.sondadelivery.com.br/delivery/produto/cerveja-stella-artois-lata-269ml/1000029439
2026-06-30 08:00:40,Sonda Delivery,Stella Artois,Cerveja Stella Artois lata 350ml,"5,49",https://www.sondadelivery.com.br/delivery/produto/cerveja-stella-artois-lata-350ml/1000032690
2026-06-30 08:00:40,Sonda Delivery,Stella Artois,Cerveja Stella Artois long neck 330ml,"6,89",https://www.sondadelivery.com.br/delivery/produto/cerveja-stella-artois-long-neck-330ml/1000032348
2026-06-30 08:00:40,Sonda Delivery,Michelob,Cerveja ultra Michelob lata 350ml,"4,69",https://www.sondadelivery.com.br/delivery/produto/cerveja-ultra-michelob-lata-350ml/1000040890
2026-06-30 08:00:40,Sam's Club,Heineken,Cerveja Heineken Ultimate Long Neck 6x330ml,"43,74",https://www.samsclub.com.br/cerveja-heineken-ultimate-long-neck-6x330ml-7896045507702/p
2026-06-30 08:00:40,Sam's Club,Heineken,Cerveja Lager Heineken Garrafa 600ml,"13,48",https://www.samsclub.com.br/cerveja-lager-heineken-600ml-0000078905498/p
2026-06-30 08:00:40,Sam's Club,Heineken,Cerveja Heineken Long Neck 6x250ml,"31,98",https://www.samsclub.com.br/cerveja-heineken-long-neck-6-250ml-7896045507276/p
2026-06-30 08:00:40,Sam's Club,Heineken,Cerveja Lager Chopp Premium Heineken Barril 5l,"109,98",https://www.samsclub.com.br/cerveja-lager-chopp-premium-heineken-barril-5l-8712000026011/p
2026-06-30 08:00:40,Sam's Club,Heineken,Cerveja Heineken Pack 8 Latas 269ml Cada,"36,98",https://www.samsclub.com.br/cerveja-heineken-pack-8-latas-269ml-cada-7896045506590/p
2026-06-30 08:00:40,Sam's Club,Heineken,Cerveja Heineken Sleek Pack 12 Latas 350ml Cada,"68,48",https://www.samsclub.com.br/cerveja-heineken-sleek-pack-12-latas-350ml-cada-7896045506873/p
2026-06-30 08:00:40,Sam's Club,Heineken,Chopeira Elétrica Heineken Krups Beertender B101 127V 5l,"999,90",https://www.samsclub.com.br/chopeira-eletrica-heineken-krups-beertender-b101-127v-5l-3045386377626/p
2026-06-30 08:00:40,Sam's Club,Heineken,Cerveja Lager Heineken Pack 6 Long Neck 330ml cada,"41,98",https://www.samsclub.com.br/cerveja-lager-heineken-pack-6-long-neck-330ml-cada-0000078936683/p
2026-06-30 08:00:40,Sam's Club,Heineken,Cerveja Heineken Zero Álcool Pack 8 Latas 269ml Cada,"36,98",https://www.samsclub.com.br/cerveja-heineken-zero-alcool-pack-8-latas-269ml-cada-7896045506859/p
2026-06-30 08:00:40,Sam's Club,Heineken,Cerveja Heineken Zero Álcool Sleek Pack 12 Latas 350ml Cada,"68,48",https://www.samsclub.com.br/cerveja-heineken-zero-alcool-sleek-pack-12-latas-350ml-cada-7896045506910/p
2026-06-30 08:00:40,Sam's Club,Heineken,Cerveja Lager Premium Puro Malte Zero Álcool Heineken Pack com 6 Unidades 330ml Cada,"39,98",https://www.samsclub.com.br/cerveja-lager-premium-puro-malte-zero-alcool-heineken-pack-com-6-unidades-330ml-cada-7896045506040/p
2026-06-30 08:00:40,Sam's Club,Spaten,Cerveja Munich Helles Puro Malte Spaten Garrafa 600ml,"9,98",https://www.samsclub.com.br/cerveja-munich-helles-puro-malte-spaten-garrafa-600ml-789199129754/p
2026-06-30 08:00:40,Sam's Club,Spaten,Cerveja Spaten Munich Puro Malte Pack 8 Latas 269ml Cada,"28,98",https://www.samsclub.com.br/cerveja-spaten-munich-puro-malte-pack-8-latas-269ml-cada-7891991303354/p
2026-06-30 08:00:40,Sam's Club,Michelob,Cerveja Michelob Ultra Pack 6 Garrafas 330ml Cada,"32,94",https://www.samsclub.com.br/cerveja-michelob-ultra-pack-6-garrafas-330ml-cada-7891991299619/p
2026-06-30 08:00:40,Sam's Club,Stella Artois,Cerveja Puro Malte Stella Artois Belgium Garrafa 600ml,"9,98",https://www.samsclub.com.br/cerveja-puro-malte-stella-artois-belgium-garrafa-600ml-7891991295109/p
2026-06-30 08:00:40,Sam's Club,Stella Artois,Cerveja Stella Artois Gold Pack 6 Long Neck 330ml Cada,"40,48",https://www.samsclub.com.br/cerveja-stella-artois-gold-pack-6-long-neck-330ml-cada-7891991304870/p
2026-06-30 08:00:40,Sam's Club,Stella Artois,Cerveja Puro Malte Pure Gold Stella Artois Lata 8x350ml,"46,48",https://www.samsclub.com.br/cerveja-puro-malte-pure-gold-stella-artois-lata-8x350ml-7891991306485/p
2026-06-30 08:00:40,Sam's Club,Stella Artois,Cerveja Puro Malte Pure Gold sem Glúten Stella Artois Lata 8x269ml,"33,48",https://www.samsclub.com.br/cerveja-puro-malte-pure-gold-sem-gluten-stella-artois-lata-8x269ml-7891991306461/p
2026-06-30 08:00:40,Sam's Club,Stella Artois,Cerveja Pilsen Lager Premium Stella Artois Pack 6 Garrafas 330ml Cada,"34,74",https://www.samsclub.com.br/cerveja-pilsen-lager-premium-stella-artois-pack-6-garrafas-330ml-cada-7891991015462/p
2026-07-01 08:00:37,Sonda Delivery,Heineken,"Cerveja 0,0% álcool Heineken lata 269ml","5,49",https://www.sondadelivery.com.br/delivery/produto/cerveja-00-alcool-heineken-lata-269ml/1000045527
2026-07-01 08:00:37,Sonda Delivery,Heineken,"Cerveja 0,0% álcool Heineken long neck 330ml","8,02",https://www.sondadelivery.com.br/delivery/produto/cerveja-00-alcool-heineken-long-neck-330ml/1000034755
2026-07-01 08:00:37,Sonda Delivery,Heineken,Cerveja Heineken Lata - 473ml,"8,13",https://www.sondadelivery.com.br/delivery/produto/cerveja-heineken-lata---473ml/1000051283
2026-07-01 08:00:37,Sonda Delivery,Heineken,Cerveja Heineken lata 269ml,"5,49",https://www.sondadelivery.com.br/delivery/produto/cerveja-heineken-lata-269ml/1000042610
2026-07-01 08:00:37,Sonda Delivery,Heineken,Cerveja Heineken lata 350ml,"6,81",https://www.sondadelivery.com.br/delivery/produto/cerveja-heineken-lata-350ml/1000007872
2026-07-01 08:00:37,Sonda Delivery,Heineken,Cerveja Heineken long neck 250ml,"6,59",https://www.sondadelivery.com.br/delivery/produto/cerveja-heineken-long-neck-250ml/1000007927
2026-07-01 08:00:37,Sonda Delivery,Heineken,Cerveja Heineken long neck 330ml,"8,02",https://www.sondadelivery.com.br/delivery/produto/cerveja-heineken-long-neck-330ml/1000008685
2026-07-01 08:00:37,Sonda Delivery,Heineken,Cerveja Heineken long neck 600ml,"15,28",https://www.sondadelivery.com.br/delivery/produto/cerveja-heineken-long-neck-600ml/1000007926
2026-07-01 08:00:37,Sonda Delivery,Heineken,Cerveja Lager Puro Malte sem Glúten Heineken Ultimate Garrafa 330ml,"8,02",https://www.sondadelivery.com.br/delivery/produto/cerveja-lager-puro-malte-sem-gluten-heineken-ultimate-garrafa-330ml/1000056064
2026-07-01 08:00:37,Sonda Delivery,Heineken,Cerveja Lager Zero Álcool Heineken Lata 350ml,"6,81",https://www.sondadelivery.com.br/delivery/produto/cerveja-lager-zero-alcool-heineken-lata-350ml/1000034754
2026-07-01 08:00:37,Sonda Delivery,Spaten,Cerveja munich helles Spaten lata 269ml,"3,79",https://www.sondadelivery.com.br/delivery/produto/cerveja-munich-helles-spaten-lata-269ml/1000043131
2026-07-01 08:00:37,Sonda Delivery,Spaten,Cerveja munich puro malte Spaten lata 350ml,"4,89",https://www.sondadelivery.com.br/delivery/produto/cerveja-munich-puro-malte-spaten-lata-350ml/1000039001
2026-07-01 08:00:37,Sonda Delivery,Stella Artois,Cerveja pure gold Stella Artois lata 269ml,"5,05",https://www.sondadelivery.com.br/delivery/produto/cerveja-pure-gold-stella-artois-lata-269ml/1000049712
2026-07-01 08:00:37,Sonda Delivery,Stella Artois,Cerveja pure gold Stella Artois lata 350ml,"5,89",https://www.sondadelivery.com.br/delivery/produto/cerveja-pure-gold-stella-artois-lata-350ml/1000048737
2026-07-01 08:00:37,Sonda Delivery,Stella Artois,Cerveja pure gold Stella Artois long neck 330ml,"7,39",https://www.sondadelivery.com.br/delivery/produto/cerveja-pure-gold-stella-artois-long-neck-330ml/1000047453
2026-07-01 08:00:37,Sonda Delivery,Spaten,Cerveja puro malte munich helles Spaten garrafa 600ml,"9,99",https://www.sondadelivery.com.br/delivery/produto/cerveja-puro-malte-munich-helles-spaten-garrafa-600ml/1000041988
2026-07-01 08:00:37,Sonda Delivery,Spaten,Cerveja puro malte Spaten long neck 330ml,"5,99",https://www.sondadelivery.com.br/delivery/produto/cerveja-puro-malte-spaten-long-neck-330ml/1000050531
2026-07-01 08:00:37,Sonda Delivery,Stella Artois,Cerveja Stella Artois lata 269ml,"4,39",https://www.sondadelivery.com.br/delivery/produto/cerveja-stella-artois-lata-269ml/1000029439
2026-07-01 08:00:37,Sonda Delivery,Stella Artois,Cerveja Stella Artois lata 350ml,"5,49",https://www.sondadelivery.com.br/delivery/produto/cerveja-stella-artois-lata-350ml/1000032690
2026-07-01 08:00:37,Sonda Delivery,Stella Artois,Cerveja Stella Artois long neck 330ml,"6,89",https://www.sondadelivery.com.br/delivery/produto/cerveja-stella-artois-long-neck-330ml/1000032348
2026-07-01 08:00:37,Sonda Delivery,Michelob,Cerveja ultra Michelob lata 350ml,"4,69",https://www.sondadelivery.com.br/delivery/produto/cerveja-ultra-michelob-lata-350ml/1000040890
2026-07-01 08:00:37,Sam's Club,Heineken,Cerveja Heineken Ultimate Long Neck 6x330ml,"43,74",https://www.samsclub.com.br/cerveja-heineken-ultimate-long-neck-6x330ml-7896045507702/p
2026-07-01 08:00:37,Sam's Club,Heineken,Cerveja Lager Heineken Garrafa 600ml,"13,48",https://www.samsclub.com.br/cerveja-lager-heineken-600ml-0000078905498/p
2026-07-01 08:00:37,Sam's Club,Heineken,Cerveja Heineken Long Neck 6x250ml,"31,98",https://www.samsclub.com.br/cerveja-heineken-long-neck-6-250ml-7896045507276/p
2026-07-01 08:00:37,Sam's Club,Heineken,Cerveja Lager Chopp Premium Heineken Barril 5l,"109,98",https://www.samsclub.com.br/cerveja-lager-chopp-premium-heineken-barril-5l-8712000026011/p
2026-07-01 08:00:37,Sam's Club,Heineken,Cerveja Heineken Pack 8 Latas 269ml Cada,"36,98",https://www.samsclub.com.br/cerveja-heineken-pack-8-latas-269ml-cada-7896045506590/p
2026-07-01 08:00:37,Sam's Club,Heineken,Cerveja Heineken Sleek Pack 12 Latas 350ml Cada,"68,48",https://www.samsclub.com.br/cerveja-heineken-sleek-pack-12-latas-350ml-cada-7896045506873/p
2026-07-01 08:00:37,Sam's Club,Heineken,Chopeira Elétrica Heineken Krups Beertender B101 127V 5l,"999,90",https://www.samsclub.com.br/chopeira-eletrica-heineken-krups-beertender-b101-127v-5l-3045386377626/p
2026-07-01 08:00:37,Sam's Club,Heineken,Cerveja Heineken Zero Álcool Pack 8 Latas 269ml Cada,"36,98",https://www.samsclub.com.br/cerveja-heineken-zero-alcool-pack-8-latas-269ml-cada-7896045506859/p
2026-07-01 08:00:37,Sam's Club,Heineken,Cerveja Lager Heineken Pack 6 Long Neck 330ml cada,"41,98",https://www.samsclub.com.br/cerveja-lager-heineken-pack-6-long-neck-330ml-cada-0000078936683/p
2026-07-01 08:00:37,Sam's Club,Heineken,Cerveja Heineken Zero Álcool Sleek Pack 12 Latas 350ml Cada,"68,48",https://www.samsclub.com.br/cerveja-heineken-zero-alcool-sleek-pack-12-latas-350ml-cada-7896045506910/p
2026-07-01 08:00:37,Sam's Club,Heineken,Cerveja Lager Premium Puro Malte Zero Álcool Heineken Pack com 6 Unidades 330ml Cada,"39,98",https://www.samsclub.com.br/cerveja-lager-premium-puro-malte-zero-alcool-heineken-pack-com-6-unidades-330ml-cada-7896045506040/p
2026-07-01 08:00:37,Sam's Club,Spaten,Cerveja Munich Helles Puro Malte Spaten Garrafa 600ml,"9,98",https://www.samsclub.com.br/cerveja-munich-helles-puro-malte-spaten-garrafa-600ml-789199129754/p
2026-07-01 08:00:37,Sam's Club,Spaten,Cerveja Puro Malte Spaten Munich Pack 12 Unidades de 350ml Cada,"46,98",https://www.samsclub.com.br/cerveja-puro-malte-spaten-munich-pack-12-unidades-de-350ml-cada-7891991297424/p
2026-07-01 08:00:37,Sam's Club,Spaten,Cerveja Spaten Munich Puro Malte Pack 8 Latas 269ml Cada,"28,98",https://www.samsclub.com.br/cerveja-spaten-munich-puro-malte-pack-8-latas-269ml-cada-7891991303354/p
2026-07-01 08:00:37,Sam's Club,Michelob,Cerveja Michelob Ultra Pack 6 Garrafas 330ml Cada,"38,98",https://www.samsclub.com.br/cerveja-michelob-ultra-pack-6-garrafas-330ml-cada-7891991299619/p
2026-07-01 08:00:37,Sam's Club,Stella Artois,Cerveja Puro Malte Stella Artois Belgium Garrafa 600ml,"9,98",https://www.samsclub.com.br/cerveja-puro-malte-stella-artois-belgium-garrafa-600ml-7891991295109/p
2026-07-01 08:00:37,Sam's Club,Stella Artois,Cerveja Stella Artois Gold Pack 6 Long Neck 330ml Cada,"40,48",https://www.samsclub.com.br/cerveja-stella-artois-gold-pack-6-long-neck-330ml-cada-7891991304870/p
2026-07-01 08:00:37,Sam's Club,Stella Artois,Cerveja Puro Malte Pure Gold Stella Artois Lata 8x350ml,"46,48",https://www.samsclub.com.br/cerveja-puro-malte-pure-gold-stella-artois-lata-8x350ml-7891991306485/p
2026-07-01 08:00:37,Sam's Club,Stella Artois,Cerveja Puro Malte Pure Gold sem Glúten Stella Artois Lata 8x269ml,"33,48",https://www.samsclub.com.br/cerveja-puro-malte-pure-gold-sem-gluten-stella-artois-lata-8x269ml-7891991306461/p
2026-07-01 08:00:37,Sam's Club,Stella Artois,Cerveja Pilsen Lager Premium Stella Artois Pack 6 Garrafas 330ml Cada,"40,48",https://www.samsclub.com.br/cerveja-pilsen-lager-premium-stella-artois-pack-6-garrafas-330ml-cada-7891991015462/p
2026-07-02 08:00:47,Sonda Delivery,Heineken,"Cerveja 0,0% álcool Heineken lata 269ml","5,49",https://www.sondadelivery.com.br/delivery/produto/cerveja-00-alcool-heineken-lata-269ml/1000045527
2026-07-02 08:00:47,Sonda Delivery,Heineken,"Cerveja 0,0% álcool Heineken long neck 330ml","8,02",https://www.sondadelivery.com.br/delivery/produto/cerveja-00-alcool-heineken-long-neck-330ml/1000034755
2026-07-02 08:00:47,Sonda Delivery,Heineken,Cerveja Heineken Lata - 473ml,"8,13",https://www.sondadelivery.com.br/delivery/produto/cerveja-heineken-lata---473ml/1000051283
2026-07-02 08:00:47,Sonda Delivery,Heineken,Cerveja Heineken lata 269ml,"5,49",https://www.sondadelivery.com.br/delivery/produto/cerveja-heineken-lata-269ml/1000042610
2026-07-02 08:00:47,Sonda Delivery,Heineken,Cerveja Heineken lata 350ml,"6,81",https://www.sondadelivery.com.br/delivery/produto/cerveja-heineken-lata-350ml/1000007872
2026-07-02 08:00:47,Sonda Delivery,Heineken,Cerveja Heineken long neck 250ml,"6,59",https://www.sondadelivery.com.br/delivery/produto/cerveja-heineken-long-neck-250ml/1000007927
2026-07-02 08:00:47,Sonda Delivery,Heineken,Cerveja Heineken long neck 330ml,"8,02",https://www.sondadelivery.com.br/delivery/produto/cerveja-heineken-long-neck-330ml/1000008685
2026-07-02 08:00:47,Sonda Delivery,Heineken,Cerveja Lager Puro Malte sem Glúten Heineken Ultimate Garrafa 330ml,"8,02",https://www.sondadelivery.com.br/delivery/produto/cerveja-lager-puro-malte-sem-gluten-heineken-ultimate-garrafa-330ml/1000056064
2026-07-02 08:00:47,Sonda Delivery,Heineken,Cerveja Lager Zero Álcool Heineken Lata 350ml,"6,81",https://www.sondadelivery.com.br/delivery/produto/cerveja-lager-zero-alcool-heineken-lata-350ml/1000034754
2026-07-02 08:00:47,Sonda Delivery,Spaten,Cerveja munich helles Spaten lata 269ml,"3,79",https://www.sondadelivery.com.br/delivery/produto/cerveja-munich-helles-spaten-lata-269ml/1000043131
2026-07-02 08:00:47,Sonda Delivery,Spaten,Cerveja munich puro malte Spaten lata 350ml,"4,19",https://www.sondadelivery.com.br/delivery/produto/cerveja-munich-puro-malte-spaten-lata-350ml/1000039001
2026-07-02 08:00:47,Sonda Delivery,Stella Artois,Cerveja pure gold Stella Artois lata 269ml,"5,05",https://www.sondadelivery.com.br/delivery/produto/cerveja-pure-gold-stella-artois-lata-269ml/1000049712
2026-07-02 08:00:47,Sonda Delivery,Stella Artois,Cerveja pure gold Stella Artois lata 350ml,"5,89",https://www.sondadelivery.com.br/delivery/produto/cerveja-pure-gold-stella-artois-lata-350ml/1000048737
2026-07-02 08:00:47,Sonda Delivery,Stella Artois,Cerveja pure gold Stella Artois long neck 330ml,"7,39",https://www.sondadelivery.com.br/delivery/produto/cerveja-pure-gold-stella-artois-long-neck-330ml/1000047453
2026-07-02 08:00:47,Sonda Delivery,Spaten,Cerveja puro malte munich helles Spaten garrafa 600ml,"9,99",https://www.sondadelivery.com.br/delivery/produto/cerveja-puro-malte-munich-helles-spaten-garrafa-600ml/1000041988
2026-07-02 08:00:47,Sonda Delivery,Spaten,Cerveja puro malte Spaten long neck 330ml,"5,99",https://www.sondadelivery.com.br/delivery/produto/cerveja-puro-malte-spaten-long-neck-330ml/1000050531
2026-07-02 08:00:47,Sonda Delivery,Stella Artois,Cerveja Stella Artois lata 269ml,"4,39",https://www.sondadelivery.com.br/delivery/produto/cerveja-stella-artois-lata-269ml/1000029439
2026-07-02 08:00:47,Sonda Delivery,Stella Artois,Cerveja Stella Artois lata 350ml,"5,49",https://www.sondadelivery.com.br/delivery/produto/cerveja-stella-artois-lata-350ml/1000032690
2026-07-02 08:00:47,Sonda Delivery,Stella Artois,Cerveja Stella Artois long neck 330ml,"6,89",https://www.sondadelivery.com.br/delivery/produto/cerveja-stella-artois-long-neck-330ml/1000032348
2026-07-02 08:00:47,Sonda Delivery,Michelob,Cerveja ultra Michelob lata 350ml,"5,82",https://www.sondadelivery.com.br/delivery/produto/cerveja-ultra-michelob-lata-350ml/1000040890
2026-07-02 08:00:47,Sam's Club,Heineken,Cerveja Heineken Ultimate Long Neck 6x330ml,"43,74",https://www.samsclub.com.br/cerveja-heineken-ultimate-long-neck-6x330ml-7896045507702/p
2026-07-02 08:00:47,Sam's Club,Heineken,Cerveja Lager Heineken Garrafa 600ml,"13,48",https://www.samsclub.com.br/cerveja-lager-heineken-600ml-0000078905498/p
2026-07-02 08:00:47,Sam's Club,Heineken,Cerveja Heineken Long Neck 6x250ml,"31,98",https://www.samsclub.com.br/cerveja-heineken-long-neck-6-250ml-7896045507276/p
2026-07-02 08:00:47,Sam's Club,Heineken,Cerveja Lager Chopp Premium Heineken Barril 5l,"109,98",https://www.samsclub.com.br/cerveja-lager-chopp-premium-heineken-barril-5l-8712000026011/p
2026-07-02 08:00:47,Sam's Club,Heineken,Cerveja Heineken Pack 8 Latas 269ml Cada,"36,98",https://www.samsclub.com.br/cerveja-heineken-pack-8-latas-269ml-cada-7896045506590/p
2026-07-02 08:00:47,Sam's Club,Heineken,Cerveja Heineken Sleek Pack 12 Latas 350ml Cada,"58,68",https://www.samsclub.com.br/cerveja-heineken-sleek-pack-12-latas-350ml-cada-7896045506873/p
2026-07-02 08:00:47,Sam's Club,Heineken,Chopeira Elétrica Heineken Krups Beertender B101 127V 5l,"999,90",https://www.samsclub.com.br/chopeira-eletrica-heineken-krups-beertender-b101-127v-5l-3045386377626/p
2026-07-02 08:00:47,Sam's Club,Heineken,Cerveja Lager Heineken Pack 6 Long Neck 330ml cada,"41,98",https://www.samsclub.com.br/cerveja-lager-heineken-pack-6-long-neck-330ml-cada-0000078936683/p
2026-07-02 08:00:47,Sam's Club,Heineken,Cerveja Heineken Zero Álcool Pack 8 Latas 269ml Cada,"36,98",https://www.samsclub.com.br/cerveja-heineken-zero-alcool-pack-8-latas-269ml-cada-7896045506859/p
2026-07-02 08:00:47,Sam's Club,Heineken,Cerveja Heineken Zero Álcool Sleek Pack 12 Latas 350ml Cada,"58,48",https://www.samsclub.com.br/cerveja-heineken-zero-alcool-sleek-pack-12-latas-350ml-cada-7896045506910/p
2026-07-02 08:00:47,Sam's Club,Heineken,Cerveja Lager Premium Puro Malte Zero Álcool Heineken Pack com 6 Unidades 330ml Cada,"39,98",https://www.samsclub.com.br/cerveja-lager-premium-puro-malte-zero-alcool-heineken-pack-com-6-unidades-330ml-cada-7896045506040/p
2026-07-02 08:00:47,Sam's Club,Spaten,Cerveja Munich Helles Puro Malte Spaten Garrafa 600ml,"9,98",https://www.samsclub.com.br/cerveja-munich-helles-puro-malte-spaten-garrafa-600ml-789199129754/p
2026-07-02 08:00:47,Sam's Club,Spaten,Cerveja Puro Malte Spaten Munich Pack 12 Unidades de 350ml Cada,"46,98",https://www.samsclub.com.br/cerveja-puro-malte-spaten-munich-pack-12-unidades-de-350ml-cada-7891991297424/p
2026-07-02 08:00:47,Sam's Club,Spaten,Cerveja Spaten Munich Puro Malte Pack 8 Latas 269ml Cada,"28,98",https://www.samsclub.com.br/cerveja-spaten-munich-puro-malte-pack-8-latas-269ml-cada-7891991303354/p
2026-07-02 08:00:47,Sam's Club,Michelob,Cerveja Michelob Ultra Pack 6 Garrafas 330ml Cada,"38,98",https://www.samsclub.com.br/cerveja-michelob-ultra-pack-6-garrafas-330ml-cada-7891991299619/p
2026-07-02 08:00:47,Sam's Club,Stella Artois,Cerveja Puro Malte Stella Artois Belgium Garrafa 600ml,"9,98",https://www.samsclub.com.br/cerveja-puro-malte-stella-artois-belgium-garrafa-600ml-7891991295109/p
2026-07-02 08:00:47,Sam's Club,Stella Artois,Cerveja Stella Artois Gold Pack 6 Long Neck 330ml Cada,"40,48",https://www.samsclub.com.br/cerveja-stella-artois-gold-pack-6-long-neck-330ml-cada-7891991304870/p
2026-07-02 08:00:47,Sam's Club,Stella Artois,Cerveja Puro Malte Pure Gold Stella Artois Lata 8x350ml,"46,48",https://www.samsclub.com.br/cerveja-puro-malte-pure-gold-stella-artois-lata-8x350ml-7891991306485/p
2026-07-02 08:00:47,Sam's Club,Stella Artois,Cerveja Puro Malte Pure Gold sem Glúten Stella Artois Lata 8x269ml,"33,48",https://www.samsclub.com.br/cerveja-puro-malte-pure-gold-sem-gluten-stella-artois-lata-8x269ml-7891991306461/p
2026-07-02 08:00:47,Sam's Club,Stella Artois,Cerveja Pilsen Lager Premium Stella Artois Pack 6 Garrafas 330ml Cada,"40,48",https://www.samsclub.com.br/cerveja-pilsen-lager-premium-stella-artois-pack-6-garrafas-330ml-cada-7891991015462/p
2026-07-06 10:53:52,Sonda Delivery,Spaten,Cerveja munich puro malte Spaten lata 350ml,1,350ml,"4,19","4,19",https://www.sondadelivery.com.br/delivery/produto/cerveja-munich-puro-malte-spaten-lata-350ml/1000039001
2026-07-06 10:53:52,Sam's Club,Heineken,"Cerveja Lager Heineken Pack 6 Long Neck 330ml cadaR$ 41,98Adicionar",6,330ml,"21,98","3,66",https://www.samsclub.com.br/produto/cerveja-lager-heineken-pack-6-long-neck-330ml-cada-75204
2026-07-06 10:53:52,Sam's Club,Heineken,"Cerveja Heineken Long Neck 6x250mlR$ 31,98Adicionar",1,250ml,"16,48","16,48",https://www.samsclub.com.br/produto/cerveja-heineken-long-neck-6x250ml-145582
2026-07-06 10:53:52,Sam's Club,Heineken,"Cerveja Heineken Zero Ãlcool Sleek Pack 12 Latas 350ml CadaR$ 68,48-15%R$ 58,48Adicionar",12,350ml,"58,68","4,89",https://www.samsclub.com.br/produto/cerveja-heineken-zero-alcool-sleek-pack-12-latas-350ml-cada-125881
2026-07-06 10:53:52,Sam's Club,Heineken,"Cerveja Lager Premium Puro Malte Zero Ãlcool Heineken Pack com 6 Unidades 330ml CadaR$ 39,98Adicionar",6,330ml,"58,68","9,78",https://www.samsclub.com.br/produto/cerveja-lager-premium-puro-malte-zero-alcool-heineken-pack-com-6-unidades-330ml-cada-82693
2026-07-06 10:53:52,Sam's Club,Heineken,"Cerveja Lager Chopp Premium Heineken Barril 5lR$ 109,98Adicionar",1,,"58,68","58,68",https://www.samsclub.com.br/produto/cerveja-lager-chopp-premium-heineken-barril-5l-75207
2026-07-06 10:53:52,Sam's Club,Heineken,"Cerveja Heineken Sleek Pack 12 Latas 350ml CadaR$ 68,48-14%R$ 58,68Adicionar",12,350ml,"58,68","4,89",https://www.samsclub.com.br/produto/cerveja-heineken-sleek-pack-12-latas-350ml-cada-125889
2026-07-06 10:53:52,Sam's Club,Heineken,"Cerveja Heineken Pack 8 Latas 269ml CadaR$ 36,98Adicionar",8,269ml,"9,98","1,25",https://www.samsclub.com.br/produto/cerveja-heineken-pack-8-latas-269ml-cada-112320
2026-07-06 10:53:52,Sam's Club,Michelob,"Cerveja Michelob Ultra Pack 6 Garrafas 330ml CadaR$ 38,98-12%R$ 34,14Adicionar",6,330ml,"9,98","1,66",https://www.samsclub.com.br/produto/cerveja-michelob-ultra-pack-6-garrafas-330ml-cada-112315
2026-07-06 10:53:52,Sam's Club,Heineken,"Cerveja Lager Heineken Garrafa 600mlR$ 13,48Adicionar",1,600ml,"9,98","9,98",https://www.samsclub.com.br/produto/cerveja-lager-heineken-garrafa-600ml-75205
2026-07-06 10:53:52,Sam's Club,Spaten,"Cerveja Spaten Munich Puro Malte Pack 8 Latas 269ml CadaR$ 28,98Adicionar",8,269ml,"9,98","1,25",https://www.samsclub.com.br/produto/cerveja-spaten-munich-puro-malte-pack-8-latas-269ml-cada-117349
2026-07-06 10:53:52,Sam's Club,Heineken,"Cerveja Heineken Zero Ãlcool Pack 8 Latas 269ml CadaR$ 36,98Adicionar",8,269ml,"9,98","1,25",https://www.samsclub.com.br/produto/cerveja-heineken-zero-alcool-pack-8-latas-269ml-cada-134556
2026-07-06 10:53:52,Sam's Club,Spaten,"Cerveja Puro Malte Spaten Munich Pack 12 Unidades de 350ml CadaR$ 46,98Adicionar",12,350ml,"45,98","3,83",https://www.samsclub.com.br/produto/cerveja-puro-malte-spaten-munich-pack-12-unidades-de-350ml-cada-106594
2026-07-06 10:53:52,Sam's Club,Spaten,"Cerveja Munich Helles Puro Malte Spaten Garrafa 600mlR$ 9,98Adicionar",1,600ml,"39,98","39,98",https://www.samsclub.com.br/produto/cerveja-munich-helles-puro-malte-spaten-garrafa-600ml-111591
2026-07-06 10:53:52,Sam's Club,Heineken,"Cerveja Heineken Ultimate Long Neck 6x330mlR$ 43,74Adicionar",1,330ml,"18,48","18,48",https://www.samsclub.com.br/produto/cerveja-heineken-ultimate-long-neck-6x330ml-149383
2026-07-06 11:40:22,Sonda Delivery,Spaten,Cerveja munich puro malte Spaten lata 350ml,1,350ml,"4,19","4,19",https://www.sondadelivery.com.br/delivery/produto/cerveja-munich-puro-malte-spaten-lata-350ml/1000039001
2026-07-06 11:40:22,Sam's Club,Heineken,Cerveja Lager Heineken Pack 6 Long Neck 330ml cada,6,330ml,"41,98","7,00",https://www.samsclub.com.br/produto/cerveja-lager-heineken-pack-6-long-neck-330ml-cada-75204
2026-07-06 11:40:22,Sam's Club,Heineken,Cerveja Heineken Long Neck 6x250ml,1,250ml,"31,98","31,98",https://www.samsclub.com.br/produto/cerveja-heineken-long-neck-6x250ml-145582
2026-07-06 11:40:22,Sam's Club,Heineken,Cerveja Heineken Zero Álcool Sleek Pack 12 Latas 350ml Cada,12,350ml,"58,48","4,87",https://www.samsclub.com.br/produto/cerveja-heineken-zero-alcool-sleek-pack-12-latas-350ml-cada-125881
2026-07-06 11:40:22,Sam's Club,Heineken,Cerveja Lager Premium Puro Malte Zero Álcool Heineken Pack com 6 Unidades 330ml Cada,6,330ml,"39,98","6,66",https://www.samsclub.com.br/produto/cerveja-lager-premium-puro-malte-zero-alcool-heineken-pack-com-6-unidades-330ml-cada-82693
2026-07-06 11:40:22,Sam's Club,Heineken,Cerveja Lager Chopp Premium Heineken Barril 5l,1,,"109,98","109,98",https://www.samsclub.com.br/produto/cerveja-lager-chopp-premium-heineken-barril-5l-75207
2026-07-06 11:40:22,Sam's Club,Heineken,Cerveja Heineken Sleek Pack 12 Latas 350ml Cada,12,350ml,"58,68","4,89",https://www.samsclub.com.br/produto/cerveja-heineken-sleek-pack-12-latas-350ml-cada-125889
2026-07-06 11:40:22,Sam's Club,Heineken,Cerveja Heineken Pack 8 Latas 269ml Cada,8,269ml,"36,98","4,62",https://www.samsclub.com.br/produto/cerveja-heineken-pack-8-latas-269ml-cada-112320
2026-07-06 11:40:22,Sam's Club,Michelob,Cerveja Michelob Ultra Pack 6 Garrafas 330ml Cada,6,330ml,"34,14","5,69",https://www.samsclub.com.br/produto/cerveja-michelob-ultra-pack-6-garrafas-330ml-cada-112315
2026-07-06 11:40:22,Sam's Club,Heineken,Cerveja Lager Heineken Garrafa 600ml,1,600ml,"13,48","13,48",https://www.samsclub.com.br/produto/cerveja-lager-heineken-garrafa-600ml-75205
2026-07-06 11:40:22,Sam's Club,Spaten,Cerveja Spaten Munich Puro Malte Pack 8 Latas 269ml Cada,8,269ml,"28,98","3,62",https://www.samsclub.com.br/produto/cerveja-spaten-munich-puro-malte-pack-8-latas-269ml-cada-117349
2026-07-06 11:40:22,Sam's Club,Heineken,Cerveja Heineken Zero Álcool Pack 8 Latas 269ml Cada,8,269ml,"36,98","4,62",https://www.samsclub.com.br/produto/cerveja-heineken-zero-alcool-pack-8-latas-269ml-cada-134556
2026-07-06 11:40:22,Sam's Club,Spaten,Cerveja Puro Malte Spaten Munich Pack 12 Unidades de 350ml Cada,12,350ml,"46,98","3,91",https://www.samsclub.com.br/produto/cerveja-puro-malte-spaten-munich-pack-12-unidades-de-350ml-cada-106594
2026-07-06 11:40:22,Sam's Club,Spaten,Cerveja Munich Helles Puro Malte Spaten Garrafa 600ml,1,600ml,"9,98","9,98",https://www.samsclub.com.br/produto/cerveja-munich-helles-puro-malte-spaten-garrafa-600ml-111591
2026-07-06 11:40:22,Sam's Club,Heineken,Cerveja Heineken Ultimate Long Neck 6x330ml,1,330ml,"43,74","43,74",https://www.samsclub.com.br/produto/cerveja-heineken-ultimate-long-neck-6x330ml-149383
2026-07-06 11:53:47,Sonda Delivery,Heineken,Cerveja Heineken lata 350ml,1,350ml,"6,81","6,81",https://www.sondadelivery.com.br/delivery/produto/cerveja-heineken-lata-350ml/1000007872
2026-07-06 11:53:47,Sonda Delivery,Heineken,Cerveja Heineken long neck 250ml,1,250ml,"6,59","6,59",https://www.sondadelivery.com.br/delivery/produto/cerveja-heineken-long-neck-250ml/1000007927
2026-07-06 11:53:47,Sonda Delivery,Heineken,Cerveja Lager Puro Malte sem Glúten Heineken Ultimate Garrafa 330ml,1,330ml,"8,02","8,02",https://www.sondadelivery.com.br/delivery/produto/cerveja-lager-puro-malte-sem-gluten-heineken-ultimate-garrafa-330ml/1000056064
2026-07-06 11:53:47,Sonda Delivery,Heineken,Cerveja Heineken lata 269ml,1,269ml,"5,49","5,49",https://www.sondadelivery.com.br/delivery/produto/cerveja-heineken-lata-269ml/1000042610
2026-07-06 11:53:47,Sonda Delivery,Heineken,Cerveja Heineken Lata - 473ml,1,473ml,"8,13","8,13",https://www.sondadelivery.com.br/delivery/produto/cerveja-heineken-lata---473ml/1000051283
2026-07-06 11:53:47,Sonda Delivery,Heineken,Cerveja Heineken long neck 330ml,1,330ml,"8,02","8,02",https://www.sondadelivery.com.br/delivery/produto/cerveja-heineken-long-neck-330ml/1000008685
2026-07-06 11:53:47,Sonda Delivery,Heineken,Cerveja Heineken long neck 600ml,1,600ml,"15,28","15,28",https://www.sondadelivery.com.br/delivery/produto/cerveja-heineken-long-neck-600ml/1000007926
2026-07-06 11:53:47,Sonda Delivery,Heineken,"Cerveja 0,0% álcool Heineken lata 269ml",1,269ml,"5,49","5,49",https://www.sondadelivery.com.br/delivery/produto/cerveja-00-alcool-heineken-lata-269ml/1000045527
2026-07-06 11:53:47,Sonda Delivery,Heineken,Cerveja Lager Zero Álcool Heineken Lata 350ml,1,350ml,"6,81","6,81",https://www.sondadelivery.com.br/delivery/produto/cerveja-lager-zero-alcool-heineken-lata-350ml/1000034754
2026-07-06 11:53:47,Sonda Delivery,Spaten,Cerveja munich puro malte Spaten lata 350ml,1,350ml,"4,19","4,19",https://www.sondadelivery.com.br/delivery/produto/cerveja-munich-puro-malte-spaten-lata-350ml/1000039001
2026-07-06 11:53:47,Sonda Delivery,Spaten,Cerveja munich helles Spaten lata 269ml,1,269ml,"3,79","3,79",https://www.sondadelivery.com.br/delivery/produto/cerveja-munich-helles-spaten-lata-269ml/1000043131
2026-07-06 11:53:47,Sonda Delivery,Spaten,Cerveja puro malte Spaten long neck 330ml,1,330ml,"5,99","5,99",https://www.sondadelivery.com.br/delivery/produto/cerveja-puro-malte-spaten-long-neck-330ml/1000050531
2026-07-06 11:53:47,Sonda Delivery,Spaten,Cerveja puro malte munich helles Spaten garrafa 600ml,1,600ml,"9,99","9,99",https://www.sondadelivery.com.br/delivery/produto/cerveja-puro-malte-munich-helles-spaten-garrafa-600ml/1000041988
2026-07-06 11:53:47,Sonda Delivery,Michelob,Cerveja superior light beer Michelob Ultra garrafa 330ml,1,330ml,"6,49","6,49",https://www.sondadelivery.com.br/delivery/produto/cerveja-superior-light-beer-michelob-ultra-garrafa-330ml/1000041102
2026-07-06 11:53:47,Sonda Delivery,Michelob,Cerveja ultra Michelob lata 350ml,1,350ml,"5,82","5,82",https://www.sondadelivery.com.br/delivery/produto/cerveja-ultra-michelob-lata-350ml/1000040890
2026-07-06 11:53:47,Sam's Club,Heineken,Cerveja Lager Heineken Pack 6 Long Neck 330ml cada,6,330ml,"41,98","7,00",https://www.samsclub.com.br/produto/cerveja-lager-heineken-pack-6-long-neck-330ml-cada-75204
2026-07-06 11:53:47,Sam's Club,Heineken,Cerveja Heineken Long Neck 6x250ml,1,250ml,"31,98","31,98",https://www.samsclub.com.br/produto/cerveja-heineken-long-neck-6x250ml-145582
2026-07-06 11:53:47,Sam's Club,Heineken,Cerveja Heineken Zero Álcool Sleek Pack 12 Latas 350ml Cada,12,350ml,"58,48","4,87",https://www.samsclub.com.br/produto/cerveja-heineken-zero-alcool-sleek-pack-12-latas-350ml-cada-125881
2026-07-06 11:53:47,Sam's Club,Heineken,Cerveja Lager Premium Puro Malte Zero Álcool Heineken Pack com 6 Unidades 330ml Cada,6,330ml,"39,98","6,66",https://www.samsclub.com.br/produto/cerveja-lager-premium-puro-malte-zero-alcool-heineken-pack-com-6-unidades-330ml-cada-82693
2026-07-06 11:53:47,Sam's Club,Heineken,Cerveja Lager Chopp Premium Heineken Barril 5l,1,,"109,98","109,98",https://www.samsclub.com.br/produto/cerveja-lager-chopp-premium-heineken-barril-5l-75207
2026-07-06 11:53:47,Sam's Club,Heineken,Cerveja Heineken Sleek Pack 12 Latas 350ml Cada,12,350ml,"58,68","4,89",https://www.samsclub.com.br/produto/cerveja-heineken-sleek-pack-12-latas-350ml-cada-125889
2026-07-06 11:53:47,Sam's Club,Heineken,Cerveja Heineken Pack 8 Latas 269ml Cada,8,269ml,"36,98","4,62",https://www.samsclub.com.br/produto/cerveja-heineken-pack-8-latas-269ml-cada-112320
2026-07-06 11:53:47,Sam's Club,Michelob,Cerveja Michelob Ultra Pack 6 Garrafas 330ml Cada,6,330ml,"34,14","5,69",https://www.samsclub.com.br/produto/cerveja-michelob-ultra-pack-6-garrafas-330ml-cada-112315
2026-07-06 11:53:47,Sam's Club,Heineken,Cerveja Lager Heineken Garrafa 600ml,1,600ml,"13,48","13,48",https://www.samsclub.com.br/produto/cerveja-lager-heineken-garrafa-600ml-75205
2026-07-06 11:53:47,Sam's Club,Spaten,Cerveja Spaten Munich Puro Malte Pack 8 Latas 269ml Cada,8,269ml,"28,98","3,62",https://www.samsclub.com.br/produto/cerveja-spaten-munich-puro-malte-pack-8-latas-269ml-cada-117349
2026-07-06 11:53:47,Sam's Club,Heineken,Cerveja Heineken Zero Álcool Pack 8 Latas 269ml Cada,8,269ml,"36,98","4,62",https://www.samsclub.com.br/produto/cerveja-heineken-zero-alcool-pack-8-latas-269ml-cada-134556
2026-07-06 11:53:47,Sam's Club,Spaten,Cerveja Puro Malte Spaten Munich Pack 12 Unidades de 350ml Cada,12,350ml,"46,98","3,91",https://www.samsclub.com.br/produto/cerveja-puro-malte-spaten-munich-pack-12-unidades-de-350ml-cada-106594
2026-07-06 11:53:47,Sam's Club,Spaten,Cerveja Munich Helles Puro Malte Spaten Garrafa 600ml,1,600ml,"9,98","9,98",https://www.samsclub.com.br/produto/cerveja-munich-helles-puro-malte-spaten-garrafa-600ml-111591
2026-07-06 11:53:47,Sam's Club,Heineken,Cerveja Heineken Ultimate Long Neck 6x330ml,1,330ml,"43,74","43,74",https://www.samsclub.com.br/produto/cerveja-heineken-ultimate-long-neck-6x330ml-149383
2026-07-07 09:11:18,Sonda Delivery,Heineken,Cerveja Lager Puro Malte sem Glúten Heineken Ultimate Garrafa 330ml,1,330ml,"8,02","8,02",https://www.sondadelivery.com.br/delivery/produto/cerveja-lager-puro-malte-sem-gluten-heineken-ultimate-garrafa-330ml/1000056064
2026-07-07 09:11:18,Sonda Delivery,Heineken,Cerveja Heineken long neck 250ml,1,250ml,"6,59","6,59",https://www.sondadelivery.com.br/delivery/produto/cerveja-heineken-long-neck-250ml/1000007927
2026-07-07 09:11:18,Sonda Delivery,Heineken,Cerveja Heineken lata 269ml,1,269ml,"5,49","5,49",https://www.sondadelivery.com.br/delivery/produto/cerveja-heineken-lata-269ml/1000042610
2026-07-07 09:11:18,Sonda Delivery,Heineken,Cerveja Heineken long neck 600ml,1,600ml,"15,28","15,28",https://www.sondadelivery.com.br/delivery/produto/cerveja-heineken-long-neck-600ml/1000007926
2026-07-07 09:11:18,Sonda Delivery,Heineken,"Cerveja 0,0% álcool Heineken lata 269ml",1,269ml,"5,49","5,49",https://www.sondadelivery.com.br/delivery/produto/cerveja-00-alcool-heineken-lata-269ml/1000045527
2026-07-07 09:11:18,Sonda Delivery,Heineken,Cerveja Lager Zero Álcool Heineken Lata 350ml,1,350ml,"4,79","4,79",https://www.sondadelivery.com.br/delivery/produto/cerveja-lager-zero-alcool-heineken-lata-350ml/1000034754
2026-07-07 09:11:18,Sonda Delivery,Heineken,Cerveja Heineken long neck 330ml,1,330ml,"8,02","8,02",https://www.sondadelivery.com.br/delivery/produto/cerveja-heineken-long-neck-330ml/1000008685
2026-07-07 09:11:18,Sonda Delivery,Heineken,Cerveja Heineken Lata - 473ml,1,473ml,"8,13","8,13",https://www.sondadelivery.com.br/delivery/produto/cerveja-heineken-lata---473ml/1000051283
2026-07-07 09:11:18,Sonda Delivery,Heineken,Cerveja Lager Heineken 350ml,1,350ml,"4,79","4,79",https://www.sondadelivery.com.br/delivery/produto/cerveja-lager-heineken-350ml/1000007872
2026-07-07 09:11:18,Sonda Delivery,Spaten,Cerveja munich puro malte Spaten lata 350ml,1,350ml,"4,19","4,19",https://www.sondadelivery.com.br/delivery/produto/cerveja-munich-puro-malte-spaten-lata-350ml/1000039001
2026-07-07 09:11:18,Sonda Delivery,Spaten,Cerveja munich helles Spaten lata 269ml,1,269ml,"3,79","3,79",https://www.sondadelivery.com.br/delivery/produto/cerveja-munich-helles-spaten-lata-269ml/1000043131
2026-07-07 09:11:18,Sonda Delivery,Spaten,Cerveja puro malte Spaten long neck 330ml,1,330ml,"5,99","5,99",https://www.sondadelivery.com.br/delivery/produto/cerveja-puro-malte-spaten-long-neck-330ml/1000050531
2026-07-07 09:11:18,Sonda Delivery,Spaten,Cerveja puro malte munich helles Spaten garrafa 600ml,1,600ml,"9,99","9,99",https://www.sondadelivery.com.br/delivery/produto/cerveja-puro-malte-munich-helles-spaten-garrafa-600ml/1000041988
2026-07-07 09:11:18,Sonda Delivery,Michelob,Cerveja superior light beer Michelob Ultra garrafa 330ml,1,330ml,"6,49","6,49",https://www.sondadelivery.com.br/delivery/produto/cerveja-superior-light-beer-michelob-ultra-garrafa-330ml/1000041102
2026-07-07 09:11:18,Sonda Delivery,Michelob,Cerveja ultra Michelob lata 350ml,1,350ml,"5,82","5,82",https://www.sondadelivery.com.br/delivery/produto/cerveja-ultra-michelob-lata-350ml/1000040890
2026-07-07 09:11:18,Sam's Club,Heineken,Cerveja Lager Heineken Pack 6 Long Neck 330ml cada,6,330ml,"41,98","7,00",https://www.samsclub.com.br/produto/cerveja-lager-heineken-pack-6-long-neck-330ml-cada-75204
2026-07-07 09:11:18,Sam's Club,Heineken,Cerveja Heineken Long Neck 6x250ml,1,250ml,"31,98","31,98",https://www.samsclub.com.br/produto/cerveja-heineken-long-neck-6x250ml-145582
2026-07-07 09:11:18,Sam's Club,Heineken,Cerveja Heineken Zero Álcool Sleek Pack 12 Latas 350ml Cada,12,350ml,"68,48","5,71",https://www.samsclub.com.br/produto/cerveja-heineken-zero-alcool-sleek-pack-12-latas-350ml-cada-125881
2026-07-07 09:11:18,Sam's Club,Heineken,Cerveja Lager Premium Puro Malte Zero Álcool Heineken Pack com 6 Unidades 330ml Cada,6,330ml,"39,98","6,66",https://www.samsclub.com.br/produto/cerveja-lager-premium-puro-malte-zero-alcool-heineken-pack-com-6-unidades-330ml-cada-82693
2026-07-07 09:11:18,Sam's Club,Heineken,Cerveja Lager Chopp Premium Heineken Barril 5l,1,,"109,98","109,98",https://www.samsclub.com.br/produto/cerveja-lager-chopp-premium-heineken-barril-5l-75207
2026-07-07 09:11:18,Sam's Club,Heineken,Cerveja Heineken Sleek Pack 12 Latas 350ml Cada,12,350ml,"68,48","5,71",https://www.samsclub.com.br/produto/cerveja-heineken-sleek-pack-12-latas-350ml-cada-125889
2026-07-07 09:11:18,Sam's Club,Heineken,Cerveja Heineken Pack 8 Latas 269ml Cada,8,269ml,"36,98","4,62",https://www.samsclub.com.br/produto/cerveja-heineken-pack-8-latas-269ml-cada-112320
2026-07-07 09:11:18,Sam's Club,Heineken,Cerveja Lager Heineken Garrafa 600ml,1,600ml,"13,48","13,48",https://www.samsclub.com.br/produto/cerveja-lager-heineken-garrafa-600ml-75205
2026-07-07 09:11:18,Sam's Club,Michelob,Cerveja Michelob Ultra Pack 6 Garrafas 330ml Cada,6,330ml,"38,98","6,50",https://www.samsclub.com.br/produto/cerveja-michelob-ultra-pack-6-garrafas-330ml-cada-112315
2026-07-07 09:11:18,Sam's Club,Spaten,Cerveja Spaten Munich Puro Malte Pack 8 Latas 269ml Cada,8,269ml,"28,98","3,62",https://www.samsclub.com.br/produto/cerveja-spaten-munich-puro-malte-pack-8-latas-269ml-cada-117349
2026-07-07 09:11:18,Sam's Club,Heineken,Cerveja Heineken Zero Álcool Pack 8 Latas 269ml Cada,8,269ml,"36,98","4,62",https://www.samsclub.com.br/produto/cerveja-heineken-zero-alcool-pack-8-latas-269ml-cada-134556
2026-07-07 09:11:18,Sam's Club,Spaten,Cerveja Munich Helles Puro Malte Spaten Garrafa 600ml,1,600ml,"9,98","9,98",https://www.samsclub.com.br/produto/cerveja-munich-helles-puro-malte-spaten-garrafa-600ml-111591
2026-07-07 09:11:18,Sam's Club,Heineken,Cerveja Heineken Ultimate Long Neck 6x330ml,1,330ml,"43,74","43,74",https://www.samsclub.com.br/produto/cerveja-heineken-ultimate-long-neck-6x330ml-149383
2026-07-08 08:01:25,Sonda Delivery,Heineken,Cerveja Lager Heineken 350ml,1,350ml,"6,81","6,81",https://www.sondadelivery.com.br/delivery/produto/cerveja-lager-heineken-350ml/1000007872
2026-07-08 08:01:25,Sonda Delivery,Heineken,Cerveja Heineken lata 269ml,1,269ml,"5,49","5,49",https://www.sondadelivery.com.br/delivery/produto/cerveja-heineken-lata-269ml/1000042610
2026-07-08 08:01:25,Sonda Delivery,Heineken,Cerveja Lager Zero Álcool Heineken Lata 350ml,1,350ml,"6,81","6,81",https://www.sondadelivery.com.br/delivery/produto/cerveja-lager-zero-alcool-heineken-lata-350ml/1000034754
2026-07-08 08:01:25,Sonda Delivery,Heineken,"Cerveja 0,0% álcool Heineken lata 269ml",1,269ml,"5,49","5,49",https://www.sondadelivery.com.br/delivery/produto/cerveja-00-alcool-heineken-lata-269ml/1000045527
2026-07-08 08:01:25,Sonda Delivery,Heineken,Cerveja Heineken long neck 250ml,1,250ml,"6,59","6,59",https://www.sondadelivery.com.br/delivery/produto/cerveja-heineken-long-neck-250ml/1000007927
2026-07-08 08:01:25,Sonda Delivery,Heineken,Cerveja Lager Puro Malte sem Glúten Heineken Ultimate Garrafa 330ml,1,330ml,"8,02","8,02",https://www.sondadelivery.com.br/delivery/produto/cerveja-lager-puro-malte-sem-gluten-heineken-ultimate-garrafa-330ml/1000056064
2026-07-08 08:01:25,Sonda Delivery,Heineken,Cerveja Heineken long neck 330ml,1,330ml,"8,02","8,02",https://www.sondadelivery.com.br/delivery/produto/cerveja-heineken-long-neck-330ml/1000008685
2026-07-08 08:01:25,Sonda Delivery,Heineken,Cerveja Heineken Lata - 473ml,1,473ml,"8,13","8,13",https://www.sondadelivery.com.br/delivery/produto/cerveja-heineken-lata---473ml/1000051283
2026-07-08 08:01:25,Sonda Delivery,Heineken,Cerveja Heineken long neck 600ml,1,600ml,"15,28","15,28",https://www.sondadelivery.com.br/delivery/produto/cerveja-heineken-long-neck-600ml/1000007926
2026-07-08 08:01:25,Sonda Delivery,Spaten,Cerveja munich puro malte Spaten lata 350ml,1,350ml,"4,19","4,19",https://www.sondadelivery.com.br/delivery/produto/cerveja-munich-puro-malte-spaten-lata-350ml/1000039001
2026-07-08 08:01:25,Sonda Delivery,Spaten,Cerveja munich helles Spaten lata 269ml,1,269ml,"3,79","3,79",https://www.sondadelivery.com.br/delivery/produto/cerveja-munich-helles-spaten-lata-269ml/1000043131
2026-07-08 08:01:25,Sonda Delivery,Spaten,Cerveja puro malte Spaten long neck 330ml,1,330ml,"5,99","5,99",https://www.sondadelivery.com.br/delivery/produto/cerveja-puro-malte-spaten-long-neck-330ml/1000050531
2026-07-08 08:01:25,Sonda Delivery,Spaten,Cerveja puro malte munich helles Spaten garrafa 600ml,1,600ml,"9,99","9,99",https://www.sondadelivery.com.br/delivery/produto/cerveja-puro-malte-munich-helles-spaten-garrafa-600ml/1000041988
2026-07-08 08:01:25,Sonda Delivery,Michelob,Cerveja ultra Michelob lata 350ml,1,350ml,"5,82","5,82",https://www.sondadelivery.com.br/delivery/produto/cerveja-ultra-michelob-lata-350ml/1000040890
2026-07-08 08:01:25,Sonda Delivery,Michelob,Cerveja superior light beer Michelob Ultra garrafa 330ml,1,330ml,"6,49","6,49",https://www.sondadelivery.com.br/delivery/produto/cerveja-superior-light-beer-michelob-ultra-garrafa-330ml/1000041102
2026-07-08 08:01:25,Sam's Club,Heineken,Cerveja Lager Heineken Pack 6 Long Neck 330ml cada,6,330ml,"37,14","6,19",https://www.samsclub.com.br/produto/cerveja-lager-heineken-pack-6-long-neck-330ml-cada-75204
2026-07-08 08:01:25,Sam's Club,Heineken,Cerveja Heineken Long Neck 6x250ml,1,250ml,"31,98","31,98",https://www.samsclub.com.br/produto/cerveja-heineken-long-neck-6x250ml-145582
2026-07-08 08:01:25,Sam's Club,Heineken,Cerveja Heineken Zero Álcool Sleek Pack 12 Latas 350ml Cada,12,350ml,"68,48","5,71",https://www.samsclub.com.br/produto/cerveja-heineken-zero-alcool-sleek-pack-12-latas-350ml-cada-125881
2026-07-08 08:01:25,Sam's Club,Heineken,Cerveja Lager Premium Puro Malte Zero Álcool Heineken Pack com 6 Unidades 330ml Cada,6,330ml,"39,98","6,66",https://www.samsclub.com.br/produto/cerveja-lager-premium-puro-malte-zero-alcool-heineken-pack-com-6-unidades-330ml-cada-82693
2026-07-08 08:01:25,Sam's Club,Heineken,Cerveja Lager Chopp Premium Heineken Barril 5l,1,,"109,98","109,98",https://www.samsclub.com.br/produto/cerveja-lager-chopp-premium-heineken-barril-5l-75207
2026-07-08 08:01:25,Sam's Club,Heineken,Cerveja Heineken Sleek Pack 12 Latas 350ml Cada,12,350ml,"68,48","5,71",https://www.samsclub.com.br/produto/cerveja-heineken-sleek-pack-12-latas-350ml-cada-125889
2026-07-08 08:01:25,Sam's Club,Heineken,Cerveja Heineken Pack 8 Latas 269ml Cada,8,269ml,"36,98","4,62",https://www.samsclub.com.br/produto/cerveja-heineken-pack-8-latas-269ml-cada-112320
2026-07-08 08:01:25,Sam's Club,Heineken,Cerveja Lager Heineken Garrafa 600ml,1,600ml,"13,48","13,48",https://www.samsclub.com.br/produto/cerveja-lager-heineken-garrafa-600ml-75205
2026-07-08 08:01:25,Sam's Club,Michelob,Cerveja Michelob Ultra Pack 6 Garrafas 330ml Cada,6,330ml,"38,98","6,50",https://www.samsclub.com.br/produto/cerveja-michelob-ultra-pack-6-garrafas-330ml-cada-112315
2026-07-08 08:01:25,Sam's Club,Spaten,Cerveja Spaten Munich Puro Malte Pack 8 Latas 269ml Cada,8,269ml,"28,98","3,62",https://www.samsclub.com.br/produto/cerveja-spaten-munich-puro-malte-pack-8-latas-269ml-cada-117349
2026-07-08 08:01:25,Sam's Club,Heineken,Cerveja Heineken Zero Álcool Pack 8 Latas 269ml Cada,8,269ml,"36,98","4,62",https://www.samsclub.com.br/produto/cerveja-heineken-zero-alcool-pack-8-latas-269ml-cada-134556
2026-07-08 08:01:25,Sam's Club,Spaten,Cerveja Munich Helles Puro Malte Spaten Garrafa 600ml,1,600ml,"9,98","9,98",https://www.samsclub.com.br/produto/cerveja-munich-helles-puro-malte-spaten-garrafa-600ml-111591
2026-07-08 08:01:25,Sam's Club,Heineken,Cerveja Heineken Ultimate Long Neck 6x330ml,1,330ml,"43,74","43,74",https://www.samsclub.com.br/produto/cerveja-heineken-ultimate-long-neck-6x330ml-149383
2026-07-09 08:01:29,Sonda Delivery,Heineken,Cerveja Lager Heineken 350ml,1,350ml,"6,81","6,81",https://www.sondadelivery.com.br/delivery/produto/cerveja-lager-heineken-350ml/1000007872
2026-07-09 08:01:29,Sonda Delivery,Heineken,Cerveja Heineken lata 269ml,1,269ml,"5,49","5,49",https://www.sondadelivery.com.br/delivery/produto/cerveja-heineken-lata-269ml/1000042610
2026-07-09 08:01:29,Sonda Delivery,Heineken,Cerveja Lager Zero Álcool Heineken Lata 350ml,1,350ml,"6,81","6,81",https://www.sondadelivery.com.br/delivery/produto/cerveja-lager-zero-alcool-heineken-lata-350ml/1000034754
2026-07-09 08:01:29,Sonda Delivery,Heineken,Cerveja Heineken long neck 250ml,1,250ml,"6,59","6,59",https://www.sondadelivery.com.br/delivery/produto/cerveja-heineken-long-neck-250ml/1000007927
2026-07-09 08:01:29,Sonda Delivery,Heineken,Cerveja Lager Puro Malte sem Glúten Heineken Ultimate Garrafa 330ml,1,330ml,"8,02","8,02",https://www.sondadelivery.com.br/delivery/produto/cerveja-lager-puro-malte-sem-gluten-heineken-ultimate-garrafa-330ml/1000056064
2026-07-09 08:01:29,Sonda Delivery,Heineken,"Cerveja 0,0% álcool Heineken lata 269ml",1,269ml,"5,49","5,49",https://www.sondadelivery.com.br/delivery/produto/cerveja-00-alcool-heineken-lata-269ml/1000045527
2026-07-09 08:01:29,Sonda Delivery,Heineken,Cerveja Heineken long neck 330ml,1,330ml,"8,02","8,02",https://www.sondadelivery.com.br/delivery/produto/cerveja-heineken-long-neck-330ml/1000008685
2026-07-09 08:01:29,Sonda Delivery,Heineken,Cerveja Heineken Lata - 473ml,1,473ml,"8,13","8,13",https://www.sondadelivery.com.br/delivery/produto/cerveja-heineken-lata---473ml/1000051283
2026-07-09 08:01:29,Sonda Delivery,Heineken,Cerveja Heineken long neck 600ml,1,600ml,"15,28","15,28",https://www.sondadelivery.com.br/delivery/produto/cerveja-heineken-long-neck-600ml/1000007926
2026-07-09 08:01:29,Sonda Delivery,Spaten,Cerveja munich puro malte Spaten lata 350ml,1,350ml,"4,09","4,09",https://www.sondadelivery.com.br/delivery/produto/cerveja-munich-puro-malte-spaten-lata-350ml/1000039001
2026-07-09 08:01:29,Sonda Delivery,Spaten,Cerveja munich helles Spaten lata 269ml,1,269ml,"2,89","2,89",https://www.sondadelivery.com.br/delivery/produto/cerveja-munich-helles-spaten-lata-269ml/1000043131
2026-07-09 08:01:29,Sonda Delivery,Spaten,Cerveja puro malte munich helles Spaten garrafa 600ml,1,600ml,"9,99","9,99",https://www.sondadelivery.com.br/delivery/produto/cerveja-puro-malte-munich-helles-spaten-garrafa-600ml/1000041988
2026-07-09 08:01:29,Sonda Delivery,Spaten,Cerveja puro malte Spaten long neck 330ml,1,330ml,"5,99","5,99",https://www.sondadelivery.com.br/delivery/produto/cerveja-puro-malte-spaten-long-neck-330ml/1000050531
2026-07-09 08:01:29,Sonda Delivery,Michelob,Cerveja ultra Michelob lata 350ml,1,350ml,"5,82","5,82",https://www.sondadelivery.com.br/delivery/produto/cerveja-ultra-michelob-lata-350ml/1000040890
2026-07-09 08:01:29,Sonda Delivery,Michelob,Cerveja superior light beer Michelob Ultra garrafa 330ml,1,330ml,"6,49","6,49",https://www.sondadelivery.com.br/delivery/produto/cerveja-superior-light-beer-michelob-ultra-garrafa-330ml/1000041102
2026-07-09 08:01:29,Sam's Club,Heineken,Cerveja Lager Heineken Pack 6 Long Neck 330ml cada,6,330ml,"37,14","6,19",https://www.samsclub.com.br/produto/cerveja-lager-heineken-pack-6-long-neck-330ml-cada-75204
2026-07-09 08:01:29,Sam's Club,Heineken,Cerveja Heineken Long Neck 6x250ml,1,250ml,"31,98","31,98",https://www.samsclub.com.br/produto/cerveja-heineken-long-neck-6x250ml-145582
2026-07-09 08:01:29,Sam's Club,Heineken,Cerveja Heineken Zero Álcool Sleek Pack 12 Latas 350ml Cada,12,350ml,"68,48","5,71",https://www.samsclub.com.br/produto/cerveja-heineken-zero-alcool-sleek-pack-12-latas-350ml-cada-125881
2026-07-09 08:01:29,Sam's Club,Heineken,Cerveja Lager Premium Puro Malte Zero Álcool Heineken Pack com 6 Unidades 330ml Cada,6,330ml,"39,98","6,66",https://www.samsclub.com.br/produto/cerveja-lager-premium-puro-malte-zero-alcool-heineken-pack-com-6-unidades-330ml-cada-82693
2026-07-09 08:01:29,Sam's Club,Heineken,Cerveja Lager Chopp Premium Heineken Barril 5l,1,,"109,98","109,98",https://www.samsclub.com.br/produto/cerveja-lager-chopp-premium-heineken-barril-5l-75207
2026-07-09 08:01:29,Sam's Club,Heineken,Cerveja Heineken Sleek Pack 12 Latas 350ml Cada,12,350ml,"68,48","5,71",https://www.samsclub.com.br/produto/cerveja-heineken-sleek-pack-12-latas-350ml-cada-125889
2026-07-09 08:01:29,Sam's Club,Heineken,Cerveja Heineken Pack 8 Latas 269ml Cada,8,269ml,"36,98","4,62",https://www.samsclub.com.br/produto/cerveja-heineken-pack-8-latas-269ml-cada-112320
2026-07-09 08:01:29,Sam's Club,Heineken,Cerveja Lager Heineken Garrafa 600ml,1,600ml,"13,48","13,48",https://www.samsclub.com.br/produto/cerveja-lager-heineken-garrafa-600ml-75205
2026-07-09 08:01:29,Sam's Club,Michelob,Cerveja Michelob Ultra Pack 6 Garrafas 330ml Cada,6,330ml,"38,98","6,50",https://www.samsclub.com.br/produto/cerveja-michelob-ultra-pack-6-garrafas-330ml-cada-112315
2026-07-09 08:01:29,Sam's Club,Spaten,Cerveja Spaten Munich Puro Malte Pack 8 Latas 269ml Cada,8,269ml,"28,98","3,62",https://www.samsclub.com.br/produto/cerveja-spaten-munich-puro-malte-pack-8-latas-269ml-cada-117349
2026-07-09 08:01:29,Sam's Club,Heineken,Cerveja Heineken Zero Álcool Pack 8 Latas 269ml Cada,8,269ml,"36,98","4,62",https://www.samsclub.com.br/produto/cerveja-heineken-zero-alcool-pack-8-latas-269ml-cada-134556
2026-07-09 08:01:29,Sam's Club,Spaten,Cerveja Munich Helles Puro Malte Spaten Garrafa 600ml,1,600ml,"9,98","9,98",https://www.samsclub.com.br/produto/cerveja-munich-helles-puro-malte-spaten-garrafa-600ml-111591
2026-07-09 08:01:29,Sam's Club,Heineken,Cerveja Heineken Ultimate Long Neck 6x330ml,1,330ml,"43,74","43,74",https://www.samsclub.com.br/produto/cerveja-heineken-ultimate-long-neck-6x330ml-149383
2026-07-10 09:11:34,Sonda Delivery,Heineken,Cerveja Heineken lata 269ml,1,269ml,"5,49","5,49",https://www.sondadelivery.com.br/delivery/produto/cerveja-heineken-lata-269ml/1000042610
2026-07-10 09:11:34,Sonda Delivery,Heineken,Cerveja Lager Heineken 350ml,1,350ml,"6,81","6,81",https://www.sondadelivery.com.br/delivery/produto/cerveja-lager-heineken-350ml/1000007872
2026-07-10 09:11:34,Sonda Delivery,Heineken,Cerveja Lager Zero Álcool Heineken Lata 350ml,1,350ml,"6,81","6,81",https://www.sondadelivery.com.br/delivery/produto/cerveja-lager-zero-alcool-heineken-lata-350ml/1000034754
2026-07-10 09:11:34,Sonda Delivery,Heineken,Cerveja Heineken long neck 250ml,1,250ml,"6,59","6,59",https://www.sondadelivery.com.br/delivery/produto/cerveja-heineken-long-neck-250ml/1000007927
2026-07-10 09:11:34,Sonda Delivery,Heineken,Cerveja Lager Puro Malte sem Glúten Heineken Ultimate Garrafa 330ml,1,330ml,"8,02","8,02",https://www.sondadelivery.com.br/delivery/produto/cerveja-lager-puro-malte-sem-gluten-heineken-ultimate-garrafa-330ml/1000056064
2026-07-10 09:11:34,Sonda Delivery,Heineken,"Cerveja 0,0% álcool Heineken lata 269ml",1,269ml,"5,49","5,49",https://www.sondadelivery.com.br/delivery/produto/cerveja-00-alcool-heineken-lata-269ml/1000045527
2026-07-10 09:11:34,Sonda Delivery,Heineken,Cerveja Heineken Lata - 473ml,1,473ml,"8,13","8,13",https://www.sondadelivery.com.br/delivery/produto/cerveja-heineken-lata---473ml/1000051283
2026-07-10 09:11:34,Sonda Delivery,Heineken,Cerveja Heineken long neck 330ml,1,330ml,"8,02","8,02",https://www.sondadelivery.com.br/delivery/produto/cerveja-heineken-long-neck-330ml/1000008685
2026-07-10 09:11:34,Sonda Delivery,Heineken,Cerveja Heineken long neck 600ml,1,600ml,"15,28","15,28",https://www.sondadelivery.com.br/delivery/produto/cerveja-heineken-long-neck-600ml/1000007926
2026-07-10 09:11:34,Sonda Delivery,Spaten,Cerveja munich puro malte Spaten lata 350ml,1,350ml,"4,09","4,09",https://www.sondadelivery.com.br/delivery/produto/cerveja-munich-puro-malte-spaten-lata-350ml/1000039001
2026-07-10 09:11:34,Sonda Delivery,Spaten,Cerveja munich helles Spaten lata 269ml,1,269ml,"3,79","3,79",https://www.sondadelivery.com.br/delivery/produto/cerveja-munich-helles-spaten-lata-269ml/1000043131
2026-07-10 09:11:34,Sonda Delivery,Spaten,Cerveja puro malte Spaten long neck 330ml,1,330ml,"5,99","5,99",https://www.sondadelivery.com.br/delivery/produto/cerveja-puro-malte-spaten-long-neck-330ml/1000050531
2026-07-10 09:11:34,Sonda Delivery,Spaten,Cerveja puro malte munich helles Spaten garrafa 600ml,1,600ml,"9,99","9,99",https://www.sondadelivery.com.br/delivery/produto/cerveja-puro-malte-munich-helles-spaten-garrafa-600ml/1000041988
2026-07-10 09:11:34,Sonda Delivery,Michelob,Cerveja ultra Michelob lata 350ml,1,350ml,"5,82","5,82",https://www.sondadelivery.com.br/delivery/produto/cerveja-ultra-michelob-lata-350ml/1000040890
2026-07-10 09:11:34,Sonda Delivery,Michelob,Cerveja superior light beer Michelob Ultra garrafa 330ml,1,330ml,"5,99","5,99",https://www.sondadelivery.com.br/delivery/produto/cerveja-superior-light-beer-michelob-ultra-garrafa-330ml/1000041102
2026-07-10 09:11:34,Sam's Club,Heineken,Cerveja Lager Heineken Pack 6 Long Neck 330ml cada,6,330ml,"37,14","6,19",https://www.samsclub.com.br/produto/cerveja-lager-heineken-pack-6-long-neck-330ml-cada-75204
2026-07-10 09:11:34,Sam's Club,Heineken,Cerveja Heineken Long Neck 6x250ml,1,250ml,"31,98","31,98",https://www.samsclub.com.br/produto/cerveja-heineken-long-neck-6x250ml-145582
2026-07-10 09:11:34,Sam's Club,Heineken,Cerveja Heineken Zero Álcool Sleek Pack 12 Latas 350ml Cada,12,350ml,"68,48","5,71",https://www.samsclub.com.br/produto/cerveja-heineken-zero-alcool-sleek-pack-12-latas-350ml-cada-125881
2026-07-10 09:11:34,Sam's Club,Heineken,Cerveja Lager Premium Puro Malte Zero Álcool Heineken Pack com 6 Unidades 330ml Cada,6,330ml,"39,98","6,66",https://www.samsclub.com.br/produto/cerveja-lager-premium-puro-malte-zero-alcool-heineken-pack-com-6-unidades-330ml-cada-82693
2026-07-10 09:11:34,Sam's Club,Heineken,Cerveja Lager Chopp Premium Heineken Barril 5l,1,,"109,98","109,98",https://www.samsclub.com.br/produto/cerveja-lager-chopp-premium-heineken-barril-5l-75207
2026-07-10 09:11:34,Sam's Club,Heineken,Cerveja Heineken Sleek Pack 12 Latas 350ml Cada,12,350ml,"68,48","5,71",https://www.samsclub.com.br/produto/cerveja-heineken-sleek-pack-12-latas-350ml-cada-125889
2026-07-10 09:11:34,Sam's Club,Heineken,Cerveja Heineken Pack 8 Latas 269ml Cada,8,269ml,"36,98","4,62",https://www.samsclub.com.br/produto/cerveja-heineken-pack-8-latas-269ml-cada-112320
2026-07-10 09:11:34,Sam's Club,Michelob,Cerveja Michelob Ultra Pack 6 Garrafas 330ml Cada,6,330ml,"34,14","5,69",https://www.samsclub.com.br/produto/cerveja-michelob-ultra-pack-6-garrafas-330ml-cada-112315
2026-07-10 09:11:34,Sam's Club,Heineken,Cerveja Lager Heineken Garrafa 600ml,1,600ml,"13,48","13,48",https://www.samsclub.com.br/produto/cerveja-lager-heineken-garrafa-600ml-75205
2026-07-10 09:11:34,Sam's Club,Spaten,Cerveja Spaten Munich Puro Malte Pack 8 Latas 269ml Cada,8,269ml,"23,98","3,00",https://www.samsclub.com.br/produto/cerveja-spaten-munich-puro-malte-pack-8-latas-269ml-cada-117349
2026-07-10 09:11:34,Sam's Club,Heineken,Cerveja Heineken Zero Álcool Pack 8 Latas 269ml Cada,8,269ml,"36,98","4,62",https://www.samsclub.com.br/produto/cerveja-heineken-zero-alcool-pack-8-latas-269ml-cada-134556
2026-07-10 09:11:34,Sam's Club,Spaten,Cerveja Munich Helles Puro Malte Spaten Garrafa 600ml,1,600ml,"9,98","9,98",https://www.samsclub.com.br/produto/cerveja-munich-helles-puro-malte-spaten-garrafa-600ml-111591
2026-07-10 09:11:34,Sam's Club,Heineken,Cerveja Heineken Ultimate Long Neck 6x330ml,1,330ml,"43,74","43,74",https://www.samsclub.com.br/produto/cerveja-heineken-ultimate-long-neck-6x330ml-149383
2026-07-11 08:34:28,Sonda Delivery,Heineken,Cerveja Heineken lata 269ml,1,269ml,"5,49","5,49",https://www.sondadelivery.com.br/delivery/produto/cerveja-heineken-lata-269ml/1000042610
2026-07-11 08:34:28,Sonda Delivery,Heineken,Cerveja Lager Heineken 350ml,1,350ml,"6,81","6,81",https://www.sondadelivery.com.br/delivery/produto/cerveja-lager-heineken-350ml/1000007872
2026-07-11 08:34:28,Sonda Delivery,Heineken,Cerveja Lager Puro Malte sem Glúten Heineken Ultimate Garrafa 330ml,1,330ml,"8,02","8,02",https://www.sondadelivery.com.br/delivery/produto/cerveja-lager-puro-malte-sem-gluten-heineken-ultimate-garrafa-330ml/1000056064
2026-07-11 08:34:28,Sonda Delivery,Heineken,Cerveja Heineken long neck 250ml,1,250ml,"6,59","6,59",https://www.sondadelivery.com.br/delivery/produto/cerveja-heineken-long-neck-250ml/1000007927
2026-07-11 08:34:28,Sonda Delivery,Heineken,Cerveja Lager Zero Álcool Heineken Lata 350ml,1,350ml,"6,81","6,81",https://www.sondadelivery.com.br/delivery/produto/cerveja-lager-zero-alcool-heineken-lata-350ml/1000034754
2026-07-11 08:34:28,Sonda Delivery,Heineken,"Cerveja 0,0% álcool Heineken lata 269ml",1,269ml,"5,49","5,49",https://www.sondadelivery.com.br/delivery/produto/cerveja-00-alcool-heineken-lata-269ml/1000045527
2026-07-11 08:34:28,Sonda Delivery,Heineken,Cerveja Heineken Lata - 473ml,1,473ml,"8,13","8,13",https://www.sondadelivery.com.br/delivery/produto/cerveja-heineken-lata---473ml/1000051283
2026-07-11 08:34:28,Sonda Delivery,Heineken,Cerveja Heineken long neck 330ml,1,330ml,"8,02","8,02",https://www.sondadelivery.com.br/delivery/produto/cerveja-heineken-long-neck-330ml/1000008685
2026-07-11 08:34:28,Sonda Delivery,Heineken,"Cerveja 0,0% álcool Heineken long neck 330ml",1,330ml,"8,02","8,02",https://www.sondadelivery.com.br/delivery/produto/cerveja-00-alcool-heineken-long-neck-330ml/1000034755
2026-07-11 08:34:28,Sonda Delivery,Heineken,Cerveja Heineken long neck 600ml,1,600ml,"15,28","15,28",https://www.sondadelivery.com.br/delivery/produto/cerveja-heineken-long-neck-600ml/1000007926
2026-07-11 08:34:28,Sonda Delivery,Spaten,Cerveja munich puro malte Spaten lata 350ml,1,350ml,"4,09","4,09",https://www.sondadelivery.com.br/delivery/produto/cerveja-munich-puro-malte-spaten-lata-350ml/1000039001
2026-07-11 08:34:28,Sonda Delivery,Spaten,Cerveja munich helles Spaten lata 269ml,1,269ml,"3,79","3,79",https://www.sondadelivery.com.br/delivery/produto/cerveja-munich-helles-spaten-lata-269ml/1000043131
2026-07-11 08:34:28,Sonda Delivery,Spaten,Cerveja puro malte Spaten long neck 330ml,1,330ml,"4,99","4,99",https://www.sondadelivery.com.br/delivery/produto/cerveja-puro-malte-spaten-long-neck-330ml/1000050531
2026-07-11 08:34:28,Sonda Delivery,Spaten,Cerveja puro malte munich helles Spaten garrafa 600ml,1,600ml,"9,99","9,99",https://www.sondadelivery.com.br/delivery/produto/cerveja-puro-malte-munich-helles-spaten-garrafa-600ml/1000041988
2026-07-11 08:34:28,Sonda Delivery,Michelob,Cerveja ultra Michelob lata 350ml,1,350ml,"5,82","5,82",https://www.sondadelivery.com.br/delivery/produto/cerveja-ultra-michelob-lata-350ml/1000040890
2026-07-11 08:34:28,Sam's Club,Heineken,Cerveja Lager Heineken Pack 6 Long Neck 330ml cada,6,330ml,"37,14","6,19",https://www.samsclub.com.br/produto/cerveja-lager-heineken-pack-6-long-neck-330ml-cada-75204
2026-07-11 08:34:28,Sam's Club,Heineken,Cerveja Heineken Long Neck 6x250ml,1,250ml,"31,98","31,98",https://www.samsclub.com.br/produto/cerveja-heineken-long-neck-6x250ml-145582
2026-07-11 08:34:28,Sam's Club,Heineken,Cerveja Heineken Zero Álcool Sleek Pack 12 Latas 350ml Cada,12,350ml,"68,48","5,71",https://www.samsclub.com.br/produto/cerveja-heineken-zero-alcool-sleek-pack-12-latas-350ml-cada-125881
2026-07-11 08:34:28,Sam's Club,Heineken,Cerveja Lager Premium Puro Malte Zero Álcool Heineken Pack com 6 Unidades 330ml Cada,6,330ml,"39,98","6,66",https://www.samsclub.com.br/produto/cerveja-lager-premium-puro-malte-zero-alcool-heineken-pack-com-6-unidades-330ml-cada-82693
2026-07-11 08:34:28,Sam's Club,Heineken,Cerveja Lager Chopp Premium Heineken Barril 5l,1,,"109,98","109,98",https://www.samsclub.com.br/produto/cerveja-lager-chopp-premium-heineken-barril-5l-75207
2026-07-11 08:34:28,Sam's Club,Heineken,Cerveja Heineken Sleek Pack 12 Latas 350ml Cada,12,350ml,"68,48","5,71",https://www.samsclub.com.br/produto/cerveja-heineken-sleek-pack-12-latas-350ml-cada-125889
2026-07-11 08:34:28,Sam's Club,Heineken,Cerveja Heineken Pack 8 Latas 269ml Cada,8,269ml,"36,98","4,62",https://www.samsclub.com.br/produto/cerveja-heineken-pack-8-latas-269ml-cada-112320
2026-07-11 08:34:28,Sam's Club,Michelob,Cerveja Michelob Ultra Pack 6 Garrafas 330ml Cada,6,330ml,"34,14","5,69",https://www.samsclub.com.br/produto/cerveja-michelob-ultra-pack-6-garrafas-330ml-cada-112315
2026-07-11 08:34:28,Sam's Club,Heineken,Cerveja Lager Heineken Garrafa 600ml,1,600ml,"13,48","13,48",https://www.samsclub.com.br/produto/cerveja-lager-heineken-garrafa-600ml-75205
2026-07-11 08:34:28,Sam's Club,Spaten,Cerveja Spaten Munich Puro Malte Pack 8 Latas 269ml Cada,8,269ml,"23,98","3,00",https://www.samsclub.com.br/produto/cerveja-spaten-munich-puro-malte-pack-8-latas-269ml-cada-117349
2026-07-11 08:34:28,Sam's Club,Heineken,Cerveja Heineken Zero Álcool Pack 8 Latas 269ml Cada,8,269ml,"36,98","4,62",https://www.samsclub.com.br/produto/cerveja-heineken-zero-alcool-pack-8-latas-269ml-cada-134556
2026-07-11 08:34:28,Sam's Club,Spaten,Cerveja Munich Helles Puro Malte Spaten Garrafa 600ml,1,600ml,"9,98","9,98",https://www.samsclub.com.br/produto/cerveja-munich-helles-puro-malte-spaten-garrafa-600ml-111591
2026-07-11 08:34:28,Sam's Club,Heineken,Cerveja Heineken Ultimate Long Neck 6x330ml,1,330ml,"43,74","43,74",https://www.samsclub.com.br/produto/cerveja-heineken-ultimate-long-neck-6x330ml-149383
2026-07-11 15:08:48,Sonda Delivery,Heineken,Cerveja Heineken lata 269ml,1,269ml,"5,49","5,49",https://www.sondadelivery.com.br/delivery/produto/cerveja-heineken-lata-269ml/1000042610
2026-07-11 15:08:48,Sonda Delivery,Heineken,Cerveja Lager Heineken 350ml,1,350ml,"6,81","6,81",https://www.sondadelivery.com.br/delivery/produto/cerveja-lager-heineken-350ml/1000007872
2026-07-11 15:08:48,Sonda Delivery,Heineken,Cerveja Lager Puro Malte sem Glúten Heineken Ultimate Garrafa 330ml,1,330ml,"8,02","8,02",https://www.sondadelivery.com.br/delivery/produto/cerveja-lager-puro-malte-sem-gluten-heineken-ultimate-garrafa-330ml/1000056064
2026-07-11 15:08:48,Sonda Delivery,Heineken,Cerveja Heineken long neck 250ml,1,250ml,"6,59","6,59",https://www.sondadelivery.com.br/delivery/produto/cerveja-heineken-long-neck-250ml/1000007927
2026-07-11 15:08:48,Sonda Delivery,Heineken,Cerveja Lager Zero Álcool Heineken Lata 350ml,1,350ml,"6,81","6,81",https://www.sondadelivery.com.br/delivery/produto/cerveja-lager-zero-alcool-heineken-lata-350ml/1000034754
2026-07-11 15:08:48,Sonda Delivery,Heineken,"Cerveja 0,0% álcool Heineken lata 269ml",1,269ml,"5,49","5,49",https://www.sondadelivery.com.br/delivery/produto/cerveja-00-alcool-heineken-lata-269ml/1000045527
2026-07-11 15:08:48,Sonda Delivery,Heineken,Cerveja Heineken Lata - 473ml,1,473ml,"8,13","8,13",https://www.sondadelivery.com.br/delivery/produto/cerveja-heineken-lata---473ml/1000051283
2026-07-11 15:08:48,Sonda Delivery,Heineken,Cerveja Heineken long neck 330ml,1,330ml,"8,02","8,02",https://www.sondadelivery.com.br/delivery/produto/cerveja-heineken-long-neck-330ml/1000008685
2026-07-11 15:08:48,Sonda Delivery,Heineken,"Cerveja 0,0% álcool Heineken long neck 330ml",1,330ml,"8,02","8,02",https://www.sondadelivery.com.br/delivery/produto/cerveja-00-alcool-heineken-long-neck-330ml/1000034755
2026-07-11 15:08:48,Sonda Delivery,Heineken,Cerveja Heineken long neck 600ml,1,600ml,"15,28","15,28",https://www.sondadelivery.com.br/delivery/produto/cerveja-heineken-long-neck-600ml/1000007926
2026-07-11 15:08:48,Sonda Delivery,Spaten,Cerveja munich puro malte Spaten lata 350ml,1,350ml,"4,09","4,09",https://www.sondadelivery.com.br/delivery/produto/cerveja-munich-puro-malte-spaten-lata-350ml/1000039001
2026-07-11 15:08:48,Sonda Delivery,Spaten,Cerveja munich helles Spaten lata 269ml,1,269ml,"3,79","3,79",https://www.sondadelivery.com.br/delivery/produto/cerveja-munich-helles-spaten-lata-269ml/1000043131
2026-07-11 15:08:48,Sonda Delivery,Spaten,Cerveja puro malte Spaten long neck 330ml,1,330ml,"4,99","4,99",https://www.sondadelivery.com.br/delivery/produto/cerveja-puro-malte-spaten-long-neck-330ml/1000050531
2026-07-11 15:08:48,Sonda Delivery,Spaten,Cerveja puro malte munich helles Spaten garrafa 600ml,1,600ml,"9,99","9,99",https://www.sondadelivery.com.br/delivery/produto/cerveja-puro-malte-munich-helles-spaten-garrafa-600ml/1000041988
2026-07-11 15:08:48,Sonda Delivery,Michelob,Cerveja ultra Michelob lata 350ml,1,350ml,"5,82","5,82",https://www.sondadelivery.com.br/delivery/produto/cerveja-ultra-michelob-lata-350ml/1000040890
2026-07-11 15:08:48,Sam's Club,Heineken,Cerveja Lager Heineken Pack 6 Long Neck 330ml cada,6,330ml,"37,14","6,19",https://www.samsclub.com.br/produto/cerveja-lager-heineken-pack-6-long-neck-330ml-cada-75204
2026-07-11 15:08:48,Sam's Club,Heineken,Cerveja Heineken Long Neck 6x250ml,1,250ml,"31,98","31,98",https://www.samsclub.com.br/produto/cerveja-heineken-long-neck-6x250ml-145582
2026-07-11 15:08:48,Sam's Club,Heineken,Cerveja Heineken Zero Álcool Sleek Pack 12 Latas 350ml Cada,12,350ml,"68,48","5,71",https://www.samsclub.com.br/produto/cerveja-heineken-zero-alcool-sleek-pack-12-latas-350ml-cada-125881
2026-07-11 15:08:48,Sam's Club,Heineken,Cerveja Lager Premium Puro Malte Zero Álcool Heineken Pack com 6 Unidades 330ml Cada,6,330ml,"39,98","6,66",https://www.samsclub.com.br/produto/cerveja-lager-premium-puro-malte-zero-alcool-heineken-pack-com-6-unidades-330ml-cada-82693
2026-07-11 15:08:48,Sam's Club,Heineken,Cerveja Lager Chopp Premium Heineken Barril 5l,1,,"109,98","109,98",https://www.samsclub.com.br/produto/cerveja-lager-chopp-premium-heineken-barril-5l-75207
2026-07-11 15:08:48,Sam's Club,Heineken,Cerveja Heineken Sleek Pack 12 Latas 350ml Cada,12,350ml,"68,48","5,71",https://www.samsclub.com.br/produto/cerveja-heineken-sleek-pack-12-latas-350ml-cada-125889
2026-07-11 15:08:48,Sam's Club,Heineken,Cerveja Heineken Pack 8 Latas 269ml Cada,8,269ml,"36,98","4,62",https://www.samsclub.com.br/produto/cerveja-heineken-pack-8-latas-269ml-cada-112320
2026-07-11 15:08:48,Sam's Club,Michelob,Cerveja Michelob Ultra Pack 6 Garrafas 330ml Cada,6,330ml,"34,14","5,69",https://www.samsclub.com.br/produto/cerveja-michelob-ultra-pack-6-garrafas-330ml-cada-112315
2026-07-11 15:08:48,Sam's Club,Heineken,Cerveja Lager Heineken Garrafa 600ml,1,600ml,"13,48","13,48",https://www.samsclub.com.br/produto/cerveja-lager-heineken-garrafa-600ml-75205
2026-07-11 15:08:48,Sam's Club,Spaten,Cerveja Spaten Munich Puro Malte Pack 8 Latas 269ml Cada,8,269ml,"23,98","3,00",https://www.samsclub.com.br/produto/cerveja-spaten-munich-puro-malte-pack-8-latas-269ml-cada-117349
2026-07-11 15:08:48,Sam's Club,Heineken,Cerveja Heineken Zero Álcool Pack 8 Latas 269ml Cada,8,269ml,"36,98","4,62",https://www.samsclub.com.br/produto/cerveja-heineken-zero-alcool-pack-8-latas-269ml-cada-134556
2026-07-11 15:08:48,Sam's Club,Spaten,Cerveja Munich Helles Puro Malte Spaten Garrafa 600ml,1,600ml,"9,98","9,98",https://www.samsclub.com.br/produto/cerveja-munich-helles-puro-malte-spaten-garrafa-600ml-111591
2026-07-11 15:08:48,Sam's Club,Heineken,Cerveja Heineken Ultimate Long Neck 6x330ml,1,330ml,"43,74","43,74",https://www.samsclub.com.br/produto/cerveja-heineken-ultimate-long-neck-6x330ml-149383
2026-07-12 08:01:22,Sonda Delivery,Heineken,Cerveja Lager Heineken 350ml,1,350ml,"6,81","6,81",https://www.sondadelivery.com.br/delivery/produto/cerveja-lager-heineken-350ml/1000007872
2026-07-12 08:01:22,Sonda Delivery,Heineken,Cerveja Heineken lata 269ml,1,269ml,"5,49","5,49",https://www.sondadelivery.com.br/delivery/produto/cerveja-heineken-lata-269ml/1000042610
2026-07-12 08:01:22,Sonda Delivery,Heineken,Cerveja Heineken long neck 250ml,1,250ml,"6,59","6,59",https://www.sondadelivery.com.br/delivery/produto/cerveja-heineken-long-neck-250ml/1000007927
2026-07-12 08:01:22,Sonda Delivery,Heineken,Cerveja Lager Puro Malte sem Glúten Heineken Ultimate Garrafa 330ml,1,330ml,"8,02","8,02",https://www.sondadelivery.com.br/delivery/produto/cerveja-lager-puro-malte-sem-gluten-heineken-ultimate-garrafa-330ml/1000056064
2026-07-12 08:01:22,Sonda Delivery,Heineken,Cerveja Lager Zero Álcool Heineken Lata 350ml,1,350ml,"6,81","6,81",https://www.sondadelivery.com.br/delivery/produto/cerveja-lager-zero-alcool-heineken-lata-350ml/1000034754
2026-07-12 08:01:22,Sonda Delivery,Heineken,Cerveja Heineken Lata - 473ml,1,473ml,"8,13","8,13",https://www.sondadelivery.com.br/delivery/produto/cerveja-heineken-lata---473ml/1000051283
2026-07-12 08:01:22,Sonda Delivery,Heineken,"Cerveja 0,0% álcool Heineken lata 269ml",1,269ml,"5,49","5,49",https://www.sondadelivery.com.br/delivery/produto/cerveja-00-alcool-heineken-lata-269ml/1000045527
2026-07-12 08:01:22,Sonda Delivery,Heineken,Cerveja Heineken long neck 330ml,1,330ml,"8,02","8,02",https://www.sondadelivery.com.br/delivery/produto/cerveja-heineken-long-neck-330ml/1000008685
2026-07-12 08:01:22,Sonda Delivery,Heineken,"Cerveja 0,0% álcool Heineken long neck 330ml",1,330ml,"8,02","8,02",https://www.sondadelivery.com.br/delivery/produto/cerveja-00-alcool-heineken-long-neck-330ml/1000034755
2026-07-12 08:01:22,Sonda Delivery,Heineken,Cerveja Heineken long neck 600ml,1,600ml,"15,28","15,28",https://www.sondadelivery.com.br/delivery/produto/cerveja-heineken-long-neck-600ml/1000007926
2026-07-12 08:01:22,Sonda Delivery,Spaten,Cerveja munich puro malte Spaten lata 350ml,1,350ml,"4,09","4,09",https://www.sondadelivery.com.br/delivery/produto/cerveja-munich-puro-malte-spaten-lata-350ml/1000039001
2026-07-12 08:01:22,Sonda Delivery,Spaten,Cerveja munich helles Spaten lata 269ml,1,269ml,"3,79","3,79",https://www.sondadelivery.com.br/delivery/produto/cerveja-munich-helles-spaten-lata-269ml/1000043131
2026-07-12 08:01:22,Sonda Delivery,Spaten,Cerveja puro malte munich helles Spaten garrafa 600ml,1,600ml,"9,99","9,99",https://www.sondadelivery.com.br/delivery/produto/cerveja-puro-malte-munich-helles-spaten-garrafa-600ml/1000041988
2026-07-12 08:01:22,Sonda Delivery,Spaten,Cerveja puro malte Spaten long neck 330ml,1,330ml,"4,99","4,99",https://www.sondadelivery.com.br/delivery/produto/cerveja-puro-malte-spaten-long-neck-330ml/1000050531
2026-07-12 08:01:22,Sonda Delivery,Michelob,Cerveja ultra Michelob lata 350ml,1,350ml,"5,82","5,82",https://www.sondadelivery.com.br/delivery/produto/cerveja-ultra-michelob-lata-350ml/1000040890
2026-07-12 08:01:22,Sam's Club,Heineken,Cerveja Lager Heineken Pack 6 Long Neck 330ml cada,6,330ml,"37,14","6,19",https://www.samsclub.com.br/produto/cerveja-lager-heineken-pack-6-long-neck-330ml-cada-75204
2026-07-12 08:01:22,Sam's Club,Heineken,Cerveja Heineken Long Neck 6x250ml,1,250ml,"31,98","31,98",https://www.samsclub.com.br/produto/cerveja-heineken-long-neck-6x250ml-145582
2026-07-12 08:01:22,Sam's Club,Heineken,Cerveja Heineken Zero Álcool Sleek Pack 12 Latas 350ml Cada,12,350ml,"68,48","5,71",https://www.samsclub.com.br/produto/cerveja-heineken-zero-alcool-sleek-pack-12-latas-350ml-cada-125881
2026-07-12 08:01:22,Sam's Club,Heineken,Cerveja Lager Premium Puro Malte Zero Álcool Heineken Pack com 6 Unidades 330ml Cada,6,330ml,"39,98","6,66",https://www.samsclub.com.br/produto/cerveja-lager-premium-puro-malte-zero-alcool-heineken-pack-com-6-unidades-330ml-cada-82693
2026-07-12 08:01:22,Sam's Club,Heineken,Cerveja Lager Chopp Premium Heineken Barril 5l,1,,"109,98","109,98",https://www.samsclub.com.br/produto/cerveja-lager-chopp-premium-heineken-barril-5l-75207
2026-07-12 08:01:22,Sam's Club,Heineken,Cerveja Heineken Sleek Pack 12 Latas 350ml Cada,12,350ml,"68,48","5,71",https://www.samsclub.com.br/produto/cerveja-heineken-sleek-pack-12-latas-350ml-cada-125889
2026-07-12 08:01:22,Sam's Club,Heineken,Cerveja Heineken Pack 8 Latas 269ml Cada,8,269ml,"36,98","4,62",https://www.samsclub.com.br/produto/cerveja-heineken-pack-8-latas-269ml-cada-112320
2026-07-12 08:01:22,Sam's Club,Michelob,Cerveja Michelob Ultra Pack 6 Garrafas 330ml Cada,6,330ml,"34,14","5,69",https://www.samsclub.com.br/produto/cerveja-michelob-ultra-pack-6-garrafas-330ml-cada-112315
2026-07-12 08:01:22,Sam's Club,Heineken,Cerveja Lager Heineken Garrafa 600ml,1,600ml,"13,48","13,48",https://www.samsclub.com.br/produto/cerveja-lager-heineken-garrafa-600ml-75205
2026-07-12 08:01:22,Sam's Club,Spaten,Cerveja Spaten Munich Puro Malte Pack 8 Latas 269ml Cada,8,269ml,"23,98","3,00",https://www.samsclub.com.br/produto/cerveja-spaten-munich-puro-malte-pack-8-latas-269ml-cada-117349
2026-07-12 08:01:22,Sam's Club,Heineken,Cerveja Heineken Zero Álcool Pack 8 Latas 269ml Cada,8,269ml,"36,98","4,62",https://www.samsclub.com.br/produto/cerveja-heineken-zero-alcool-pack-8-latas-269ml-cada-134556
2026-07-12 08:01:22,Sam's Club,Spaten,Cerveja Munich Helles Puro Malte Spaten Garrafa 600ml,1,600ml,"9,98","9,98",https://www.samsclub.com.br/produto/cerveja-munich-helles-puro-malte-spaten-garrafa-600ml-111591
2026-07-12 08:01:22,Sam's Club,Heineken,Cerveja Heineken Ultimate Long Neck 6x330ml,1,330ml,"43,74","43,74",https://www.samsclub.com.br/produto/cerveja-heineken-ultimate-long-neck-6x330ml-149383
2026-07-12 11:50:40,Sonda Delivery,Heineken,Cerveja Lager Heineken 350ml,1,350ml,"6,81","6,81",https://www.sondadelivery.com.br/delivery/produto/cerveja-lager-heineken-350ml/1000007872
2026-07-12 11:50:40,Sonda Delivery,Heineken,Cerveja Heineken lata 269ml,1,269ml,"5,49","5,49",https://www.sondadelivery.com.br/delivery/produto/cerveja-heineken-lata-269ml/1000042610
2026-07-12 11:50:40,Sonda Delivery,Heineken,Cerveja Heineken long neck 250ml,1,250ml,"6,59","6,59",https://www.sondadelivery.com.br/delivery/produto/cerveja-heineken-long-neck-250ml/1000007927
2026-07-12 11:50:40,Sonda Delivery,Heineken,Cerveja Lager Puro Malte sem Glúten Heineken Ultimate Garrafa 330ml,1,330ml,"8,02","8,02",https://www.sondadelivery.com.br/delivery/produto/cerveja-lager-puro-malte-sem-gluten-heineken-ultimate-garrafa-330ml/1000056064
2026-07-12 11:50:40,Sonda Delivery,Heineken,Cerveja Lager Zero Álcool Heineken Lata 350ml,1,350ml,"6,81","6,81",https://www.sondadelivery.com.br/delivery/produto/cerveja-lager-zero-alcool-heineken-lata-350ml/1000034754
2026-07-12 11:50:40,Sonda Delivery,Heineken,Cerveja Heineken Lata - 473ml,1,473ml,"8,13","8,13",https://www.sondadelivery.com.br/delivery/produto/cerveja-heineken-lata---473ml/1000051283
2026-07-12 11:50:40,Sonda Delivery,Heineken,"Cerveja 0,0% álcool Heineken lata 269ml",1,269ml,"5,49","5,49",https://www.sondadelivery.com.br/delivery/produto/cerveja-00-alcool-heineken-lata-269ml/1000045527
2026-07-12 11:50:40,Sonda Delivery,Heineken,Cerveja Heineken long neck 330ml,1,330ml,"8,02","8,02",https://www.sondadelivery.com.br/delivery/produto/cerveja-heineken-long-neck-330ml/1000008685
2026-07-12 11:50:40,Sonda Delivery,Heineken,"Cerveja 0,0% álcool Heineken long neck 330ml",1,330ml,"8,02","8,02",https://www.sondadelivery.com.br/delivery/produto/cerveja-00-alcool-heineken-long-neck-330ml/1000034755
2026-07-12 11:50:40,Sonda Delivery,Heineken,Cerveja Heineken long neck 600ml,1,600ml,"15,28","15,28",https://www.sondadelivery.com.br/delivery/produto/cerveja-heineken-long-neck-600ml/1000007926
2026-07-12 11:50:40,Sonda Delivery,Spaten,Cerveja munich puro malte Spaten lata 350ml,1,350ml,"4,09","4,09",https://www.sondadelivery.com.br/delivery/produto/cerveja-munich-puro-malte-spaten-lata-350ml/1000039001
2026-07-12 11:50:40,Sonda Delivery,Spaten,Cerveja munich helles Spaten lata 269ml,1,269ml,"3,79","3,79",https://www.sondadelivery.com.br/delivery/produto/cerveja-munich-helles-spaten-lata-269ml/1000043131
2026-07-12 11:50:40,Sonda Delivery,Spaten,Cerveja puro malte munich helles Spaten garrafa 600ml,1,600ml,"9,99","9,99",https://www.sondadelivery.com.br/delivery/produto/cerveja-puro-malte-munich-helles-spaten-garrafa-600ml/1000041988
2026-07-12 11:50:40,Sonda Delivery,Spaten,Cerveja puro malte Spaten long neck 330ml,1,330ml,"4,99","4,99",https://www.sondadelivery.com.br/delivery/produto/cerveja-puro-malte-spaten-long-neck-330ml/1000050531
2026-07-12 11:50:40,Sonda Delivery,Michelob,Cerveja ultra Michelob lata 350ml,1,350ml,"5,82","5,82",https://www.sondadelivery.com.br/delivery/produto/cerveja-ultra-michelob-lata-350ml/1000040890
2026-07-12 11:50:40,Sam's Club,Heineken,Cerveja Lager Heineken Pack 6 Long Neck 330ml cada,6,330ml,"37,14","6,19",https://www.samsclub.com.br/produto/cerveja-lager-heineken-pack-6-long-neck-330ml-cada-75204
2026-07-12 11:50:40,Sam's Club,Heineken,Cerveja Heineken Long Neck 6x250ml,1,250ml,"31,98","31,98",https://www.samsclub.com.br/produto/cerveja-heineken-long-neck-6x250ml-145582
2026-07-12 11:50:40,Sam's Club,Heineken,Cerveja Heineken Zero Álcool Sleek Pack 12 Latas 350ml Cada,12,350ml,"68,48","5,71",https://www.samsclub.com.br/produto/cerveja-heineken-zero-alcool-sleek-pack-12-latas-350ml-cada-125881
2026-07-12 11:50:40,Sam's Club,Heineken,Cerveja Lager Premium Puro Malte Zero Álcool Heineken Pack com 6 Unidades 330ml Cada,6,330ml,"39,98","6,66",https://www.samsclub.com.br/produto/cerveja-lager-premium-puro-malte-zero-alcool-heineken-pack-com-6-unidades-330ml-cada-82693
2026-07-12 11:50:40,Sam's Club,Heineken,Cerveja Lager Chopp Premium Heineken Barril 5l,1,,"109,98","109,98",https://www.samsclub.com.br/produto/cerveja-lager-chopp-premium-heineken-barril-5l-75207
2026-07-12 11:50:40,Sam's Club,Heineken,Cerveja Heineken Sleek Pack 12 Latas 350ml Cada,12,350ml,"68,48","5,71",https://www.samsclub.com.br/produto/cerveja-heineken-sleek-pack-12-latas-350ml-cada-125889
2026-07-12 11:50:40,Sam's Club,Heineken,Cerveja Heineken Pack 8 Latas 269ml Cada,8,269ml,"36,98","4,62",https://www.samsclub.com.br/produto/cerveja-heineken-pack-8-latas-269ml-cada-112320
2026-07-12 11:50:40,Sam's Club,Michelob,Cerveja Michelob Ultra Pack 6 Garrafas 330ml Cada,6,330ml,"34,14","5,69",https://www.samsclub.com.br/produto/cerveja-michelob-ultra-pack-6-garrafas-330ml-cada-112315
2026-07-12 11:50:40,Sam's Club,Heineken,Cerveja Lager Heineken Garrafa 600ml,1,600ml,"13,48","13,48",https://www.samsclub.com.br/produto/cerveja-lager-heineken-garrafa-600ml-75205
2026-07-12 11:50:40,Sam's Club,Spaten,Cerveja Spaten Munich Puro Malte Pack 8 Latas 269ml Cada,8,269ml,"23,98","3,00",https://www.samsclub.com.br/produto/cerveja-spaten-munich-puro-malte-pack-8-latas-269ml-cada-117349
2026-07-12 11:50:40,Sam's Club,Heineken,Cerveja Heineken Zero Álcool Pack 8 Latas 269ml Cada,8,269ml,"36,98","4,62",https://www.samsclub.com.br/produto/cerveja-heineken-zero-alcool-pack-8-latas-269ml-cada-134556
2026-07-12 11:50:40,Sam's Club,Spaten,Cerveja Munich Helles Puro Malte Spaten Garrafa 600ml,1,600ml,"9,98","9,98",https://www.samsclub.com.br/produto/cerveja-munich-helles-puro-malte-spaten-garrafa-600ml-111591
2026-07-12 11:50:40,Sam's Club,Heineken,Cerveja Heineken Ultimate Long Neck 6x330ml,1,330ml,"43,74","43,74",https://www.samsclub.com.br/produto/cerveja-heineken-ultimate-long-neck-6x330ml-149383
2026-07-13 08:01:46,Sonda Delivery,Heineken,Cerveja Heineken lata 269ml,1,269ml,"5,49","5,49",https://www.sondadelivery.com.br/delivery/produto/cerveja-heineken-lata-269ml/1000042610
2026-07-13 08:01:46,Sonda Delivery,Heineken,Cerveja Lager Heineken 350ml,1,350ml,"6,81","6,81",https://www.sondadelivery.com.br/delivery/produto/cerveja-lager-heineken-350ml/1000007872
2026-07-13 08:01:46,Sonda Delivery,Heineken,Cerveja Heineken long neck 250ml,1,250ml,"6,59","6,59",https://www.sondadelivery.com.br/delivery/produto/cerveja-heineken-long-neck-250ml/1000007927
2026-07-13 08:01:46,Sonda Delivery,Heineken,Cerveja Lager Zero Álcool Heineken Lata 350ml,1,350ml,"6,81","6,81",https://www.sondadelivery.com.br/delivery/produto/cerveja-lager-zero-alcool-heineken-lata-350ml/1000034754
2026-07-13 08:01:46,Sonda Delivery,Heineken,Cerveja Lager Puro Malte sem Glúten Heineken Ultimate Garrafa 330ml,1,330ml,"8,02","8,02",https://www.sondadelivery.com.br/delivery/produto/cerveja-lager-puro-malte-sem-gluten-heineken-ultimate-garrafa-330ml/1000056064
2026-07-13 08:01:46,Sonda Delivery,Heineken,"Cerveja 0,0% álcool Heineken lata 269ml",1,269ml,"5,49","5,49",https://www.sondadelivery.com.br/delivery/produto/cerveja-00-alcool-heineken-lata-269ml/1000045527
2026-07-13 08:01:46,Sonda Delivery,Heineken,Cerveja Heineken long neck 330ml,1,330ml,"8,02","8,02",https://www.sondadelivery.com.br/delivery/produto/cerveja-heineken-long-neck-330ml/1000008685
2026-07-13 08:01:46,Sonda Delivery,Heineken,Cerveja Heineken Lata - 473ml,1,473ml,"8,13","8,13",https://www.sondadelivery.com.br/delivery/produto/cerveja-heineken-lata---473ml/1000051283
2026-07-13 08:01:46,Sonda Delivery,Heineken,"Cerveja 0,0% álcool Heineken long neck 330ml",1,330ml,"8,02","8,02",https://www.sondadelivery.com.br/delivery/produto/cerveja-00-alcool-heineken-long-neck-330ml/1000034755
2026-07-13 08:01:46,Sonda Delivery,Heineken,Cerveja Heineken long neck 600ml,1,600ml,"15,28","15,28",https://www.sondadelivery.com.br/delivery/produto/cerveja-heineken-long-neck-600ml/1000007926
2026-07-13 08:01:46,Sonda Delivery,Spaten,Cerveja munich puro malte Spaten lata 350ml,1,350ml,"4,89","4,89",https://www.sondadelivery.com.br/delivery/produto/cerveja-munich-puro-malte-spaten-lata-350ml/1000039001
2026-07-13 08:01:46,Sonda Delivery,Spaten,Cerveja munich helles Spaten lata 269ml,1,269ml,"3,79","3,79",https://www.sondadelivery.com.br/delivery/produto/cerveja-munich-helles-spaten-lata-269ml/1000043131
2026-07-13 08:01:46,Sonda Delivery,Spaten,Cerveja puro malte Spaten long neck 330ml,1,330ml,"4,99","4,99",https://www.sondadelivery.com.br/delivery/produto/cerveja-puro-malte-spaten-long-neck-330ml/1000050531
2026-07-13 08:01:46,Sonda Delivery,Spaten,Cerveja puro malte munich helles Spaten garrafa 600ml,1,600ml,"9,99","9,99",https://www.sondadelivery.com.br/delivery/produto/cerveja-puro-malte-munich-helles-spaten-garrafa-600ml/1000041988
2026-07-13 08:01:46,Sonda Delivery,Michelob,Cerveja ultra Michelob lata 350ml,1,350ml,"5,82","5,82",https://www.sondadelivery.com.br/delivery/produto/cerveja-ultra-michelob-lata-350ml/1000040890
2026-07-13 08:01:46,Sam's Club,Heineken,Cerveja Lager Heineken Pack 6 Long Neck 330ml cada,6,330ml,"37,14","6,19",https://www.samsclub.com.br/produto/cerveja-lager-heineken-pack-6-long-neck-330ml-cada-75204
2026-07-13 08:01:46,Sam's Club,Heineken,Cerveja Heineken Long Neck 6x250ml,1,250ml,"31,98","31,98",https://www.samsclub.com.br/produto/cerveja-heineken-long-neck-6x250ml-145582
2026-07-13 08:01:46,Sam's Club,Heineken,Cerveja Heineken Zero Álcool Sleek Pack 12 Latas 350ml Cada,12,350ml,"68,48","5,71",https://www.samsclub.com.br/produto/cerveja-heineken-zero-alcool-sleek-pack-12-latas-350ml-cada-125881
2026-07-13 08:01:46,Sam's Club,Heineken,Cerveja Lager Premium Puro Malte Zero Álcool Heineken Pack com 6 Unidades 330ml Cada,6,330ml,"39,98","6,66",https://www.samsclub.com.br/produto/cerveja-lager-premium-puro-malte-zero-alcool-heineken-pack-com-6-unidades-330ml-cada-82693
2026-07-13 08:01:46,Sam's Club,Heineken,Cerveja Lager Chopp Premium Heineken Barril 5l,1,,"109,98","109,98",https://www.samsclub.com.br/produto/cerveja-lager-chopp-premium-heineken-barril-5l-75207
2026-07-13 08:01:46,Sam's Club,Heineken,Cerveja Heineken Sleek Pack 12 Latas 350ml Cada,12,350ml,"68,48","5,71",https://www.samsclub.com.br/produto/cerveja-heineken-sleek-pack-12-latas-350ml-cada-125889
2026-07-13 08:01:46,Sam's Club,Heineken,Cerveja Heineken Pack 8 Latas 269ml Cada,8,269ml,"36,98","4,62",https://www.samsclub.com.br/produto/cerveja-heineken-pack-8-latas-269ml-cada-112320
2026-07-13 08:01:46,Sam's Club,Michelob,Cerveja Michelob Ultra Pack 6 Garrafas 330ml Cada,6,330ml,"34,14","5,69",https://www.samsclub.com.br/produto/cerveja-michelob-ultra-pack-6-garrafas-330ml-cada-112315
2026-07-13 08:01:46,Sam's Club,Heineken,Cerveja Lager Heineken Garrafa 600ml,1,600ml,"13,48","13,48",https://www.samsclub.com.br/produto/cerveja-lager-heineken-garrafa-600ml-75205
2026-07-13 08:01:46,Sam's Club,Spaten,Cerveja Spaten Munich Puro Malte Pack 8 Latas 269ml Cada,8,269ml,"23,98","3,00",https://www.samsclub.com.br/produto/cerveja-spaten-munich-puro-malte-pack-8-latas-269ml-cada-117349
2026-07-13 08:01:46,Sam's Club,Heineken,Cerveja Heineken Zero Álcool Pack 8 Latas 269ml Cada,8,269ml,"36,98","4,62",https://www.samsclub.com.br/produto/cerveja-heineken-zero-alcool-pack-8-latas-269ml-cada-134556
2026-07-13 08:01:46,Sam's Club,Spaten,Cerveja Munich Helles Puro Malte Spaten Garrafa 600ml,1,600ml,"9,98","9,98",https://www.samsclub.com.br/produto/cerveja-munich-helles-puro-malte-spaten-garrafa-600ml-111591
2026-07-13 08:01:46,Sam's Club,Heineken,Cerveja Heineken Ultimate Long Neck 6x330ml,1,330ml,"43,74","43,74",https://www.samsclub.com.br/produto/cerveja-heineken-ultimate-long-neck-6x330ml-149383
2026-07-13 13:12:20,Sonda Delivery,Heineken,Cerveja Heineken lata 269ml,1,269ml,"5,49","5,49",https://www.sondadelivery.com.br/delivery/produto/cerveja-heineken-lata-269ml/1000042610
2026-07-13 13:12:20,Sonda Delivery,Heineken,Cerveja Lager Heineken 350ml,1,350ml,"6,81","6,81",https://www.sondadelivery.com.br/delivery/produto/cerveja-lager-heineken-350ml/1000007872
2026-07-13 13:12:20,Sonda Delivery,Heineken,Cerveja Heineken long neck 250ml,1,250ml,"6,59","6,59",https://www.sondadelivery.com.br/delivery/produto/cerveja-heineken-long-neck-250ml/1000007927
2026-07-13 13:12:20,Sonda Delivery,Heineken,Cerveja Lager Zero Álcool Heineken Lata 350ml,1,350ml,"6,81","6,81",https://www.sondadelivery.com.br/delivery/produto/cerveja-lager-zero-alcool-heineken-lata-350ml/1000034754
2026-07-13 13:12:20,Sonda Delivery,Heineken,Cerveja Lager Puro Malte sem Glúten Heineken Ultimate Garrafa 330ml,1,330ml,"8,02","8,02",https://www.sondadelivery.com.br/delivery/produto/cerveja-lager-puro-malte-sem-gluten-heineken-ultimate-garrafa-330ml/1000056064
2026-07-13 13:12:20,Sonda Delivery,Heineken,"Cerveja 0,0% álcool Heineken lata 269ml",1,269ml,"5,49","5,49",https://www.sondadelivery.com.br/delivery/produto/cerveja-00-alcool-heineken-lata-269ml/1000045527
2026-07-13 13:12:20,Sonda Delivery,Heineken,Cerveja Heineken long neck 330ml,1,330ml,"8,02","8,02",https://www.sondadelivery.com.br/delivery/produto/cerveja-heineken-long-neck-330ml/1000008685
2026-07-13 13:12:20,Sonda Delivery,Heineken,Cerveja Heineken Lata - 473ml,1,473ml,"8,13","8,13",https://www.sondadelivery.com.br/delivery/produto/cerveja-heineken-lata---473ml/1000051283
2026-07-13 13:12:20,Sonda Delivery,Heineken,"Cerveja 0,0% álcool Heineken long neck 330ml",1,330ml,"8,02","8,02",https://www.sondadelivery.com.br/delivery/produto/cerveja-00-alcool-heineken-long-neck-330ml/1000034755
2026-07-13 13:12:20,Sonda Delivery,Heineken,Cerveja Heineken long neck 600ml,1,600ml,"15,28","15,28",https://www.sondadelivery.com.br/delivery/produto/cerveja-heineken-long-neck-600ml/1000007926
2026-07-13 13:12:20,Sonda Delivery,Spaten,Cerveja munich puro malte Spaten lata 350ml,1,350ml,"4,89","4,89",https://www.sondadelivery.com.br/delivery/produto/cerveja-munich-puro-malte-spaten-lata-350ml/1000039001
2026-07-13 13:12:20,Sonda Delivery,Spaten,Cerveja munich helles Spaten lata 269ml,1,269ml,"3,79","3,79",https://www.sondadelivery.com.br/delivery/produto/cerveja-munich-helles-spaten-lata-269ml/1000043131
2026-07-13 13:12:20,Sonda Delivery,Spaten,Cerveja puro malte Spaten long neck 330ml,1,330ml,"4,99","4,99",https://www.sondadelivery.com.br/delivery/produto/cerveja-puro-malte-spaten-long-neck-330ml/1000050531
2026-07-13 13:12:20,Sonda Delivery,Spaten,Cerveja puro malte munich helles Spaten garrafa 600ml,1,600ml,"9,99","9,99",https://www.sondadelivery.com.br/delivery/produto/cerveja-puro-malte-munich-helles-spaten-garrafa-600ml/1000041988
2026-07-13 13:12:20,Sonda Delivery,Michelob,Cerveja ultra Michelob lata 350ml,1,350ml,"5,82","5,82",https://www.sondadelivery.com.br/delivery/produto/cerveja-ultra-michelob-lata-350ml/1000040890
2026-07-13 13:12:20,Sam's Club,Heineken,Cerveja Lager Heineken Pack 6 Long Neck 330ml cada,6,330ml,"37,14","6,19",https://www.samsclub.com.br/produto/cerveja-lager-heineken-pack-6-long-neck-330ml-cada-75204
2026-07-13 13:12:20,Sam's Club,Heineken,Cerveja Heineken Long Neck 6x250ml,1,250ml,"31,98","31,98",https://www.samsclub.com.br/produto/cerveja-heineken-long-neck-6x250ml-145582
2026-07-13 13:12:20,Sam's Club,Heineken,Cerveja Heineken Zero Álcool Sleek Pack 12 Latas 350ml Cada,12,350ml,"68,48","5,71",https://www.samsclub.com.br/produto/cerveja-heineken-zero-alcool-sleek-pack-12-latas-350ml-cada-125881
2026-07-13 13:12:20,Sam's Club,Heineken,Cerveja Lager Premium Puro Malte Zero Álcool Heineken Pack com 6 Unidades 330ml Cada,6,330ml,"39,98","6,66",https://www.samsclub.com.br/produto/cerveja-lager-premium-puro-malte-zero-alcool-heineken-pack-com-6-unidades-330ml-cada-82693
2026-07-13 13:12:20,Sam's Club,Heineken,Cerveja Lager Chopp Premium Heineken Barril 5l,1,,"109,98","109,98",https://www.samsclub.com.br/produto/cerveja-lager-chopp-premium-heineken-barril-5l-75207
2026-07-13 13:12:20,Sam's Club,Heineken,Cerveja Heineken Sleek Pack 12 Latas 350ml Cada,12,350ml,"68,48","5,71",https://www.samsclub.com.br/produto/cerveja-heineken-sleek-pack-12-latas-350ml-cada-125889
2026-07-13 13:12:20,Sam's Club,Heineken,Cerveja Heineken Pack 8 Latas 269ml Cada,8,269ml,"36,98","4,62",https://www.samsclub.com.br/produto/cerveja-heineken-pack-8-latas-269ml-cada-112320
2026-07-13 13:12:20,Sam's Club,Michelob,Cerveja Michelob Ultra Pack 6 Garrafas 330ml Cada,6,330ml,"34,14","5,69",https://www.samsclub.com.br/produto/cerveja-michelob-ultra-pack-6-garrafas-330ml-cada-112315
2026-07-13 13:12:20,Sam's Club,Heineken,Cerveja Lager Heineken Garrafa 600ml,1,600ml,"13,48","13,48",https://www.samsclub.com.br/produto/cerveja-lager-heineken-garrafa-600ml-75205
2026-07-13 13:12:20,Sam's Club,Spaten,Cerveja Spaten Munich Puro Malte Pack 8 Latas 269ml Cada,8,269ml,"23,98","3,00",https://www.samsclub.com.br/produto/cerveja-spaten-munich-puro-malte-pack-8-latas-269ml-cada-117349
2026-07-13 13:12:20,Sam's Club,Heineken,Cerveja Heineken Zero Álcool Pack 8 Latas 269ml Cada,8,269ml,"36,98","4,62",https://www.samsclub.com.br/produto/cerveja-heineken-zero-alcool-pack-8-latas-269ml-cada-134556
2026-07-13 13:12:20,Sam's Club,Spaten,Cerveja Munich Helles Puro Malte Spaten Garrafa 600ml,1,600ml,"9,98","9,98",https://www.samsclub.com.br/produto/cerveja-munich-helles-puro-malte-spaten-garrafa-600ml-111591
2026-07-13 13:12:20,Sam's Club,Heineken,Cerveja Heineken Ultimate Long Neck 6x330ml,1,330ml,"43,74","43,74",https://www.samsclub.com.br/produto/cerveja-heineken-ultimate-long-neck-6x330ml-149383
2026-07-14 12:05:27,Sonda Delivery,Heineken,Cerveja Heineken lata 269ml,1,269ml,"5,49","5,49",https://www.sondadelivery.com.br/delivery/produto/cerveja-heineken-lata-269ml/1000042610
2026-07-14 12:05:27,Sonda Delivery,Heineken,Cerveja Lager Heineken 350ml,1,350ml,"6,81","6,81",https://www.sondadelivery.com.br/delivery/produto/cerveja-lager-heineken-350ml/1000007872
2026-07-14 12:05:27,Sonda Delivery,Heineken,Cerveja Lager Zero Álcool Heineken Lata 350ml,1,350ml,"6,81","6,81",https://www.sondadelivery.com.br/delivery/produto/cerveja-lager-zero-alcool-heineken-lata-350ml/1000034754
2026-07-14 12:05:27,Sonda Delivery,Heineken,Cerveja Heineken long neck 250ml,1,250ml,"6,59","6,59",https://www.sondadelivery.com.br/delivery/produto/cerveja-heineken-long-neck-250ml/1000007927
2026-07-14 12:05:27,Sonda Delivery,Heineken,"Cerveja 0,0% álcool Heineken lata 269ml",1,269ml,"5,49","5,49",https://www.sondadelivery.com.br/delivery/produto/cerveja-00-alcool-heineken-lata-269ml/1000045527
2026-07-14 12:05:27,Sonda Delivery,Heineken,Cerveja Heineken long neck 330ml,1,330ml,"8,02","8,02",https://www.sondadelivery.com.br/delivery/produto/cerveja-heineken-long-neck-330ml/1000008685
2026-07-14 12:05:27,Sonda Delivery,Heineken,Cerveja Lager Puro Malte sem Glúten Heineken Ultimate Garrafa 330ml,1,330ml,"8,02","8,02",https://www.sondadelivery.com.br/delivery/produto/cerveja-lager-puro-malte-sem-gluten-heineken-ultimate-garrafa-330ml/1000056064
2026-07-14 12:05:27,Sonda Delivery,Heineken,"Cerveja 0,0% álcool Heineken long neck 330ml",1,330ml,"8,02","8,02",https://www.sondadelivery.com.br/delivery/produto/cerveja-00-alcool-heineken-long-neck-330ml/1000034755
2026-07-14 12:05:27,Sonda Delivery,Heineken,Cerveja Heineken long neck 600ml,1,600ml,"15,28","15,28",https://www.sondadelivery.com.br/delivery/produto/cerveja-heineken-long-neck-600ml/1000007926
2026-07-14 12:05:27,Sonda Delivery,Spaten,Cerveja munich puro malte Spaten lata 350ml,1,350ml,"4,89","4,89",https://www.sondadelivery.com.br/delivery/produto/cerveja-munich-puro-malte-spaten-lata-350ml/1000039001
2026-07-14 12:05:27,Sonda Delivery,Spaten,Cerveja munich helles Spaten lata 269ml,1,269ml,"2,99","2,99",https://www.sondadelivery.com.br/delivery/produto/cerveja-munich-helles-spaten-lata-269ml/1000043131
2026-07-14 12:05:27,Sonda Delivery,Spaten,Cerveja puro malte Spaten long neck 330ml,1,330ml,"4,99","4,99",https://www.sondadelivery.com.br/delivery/produto/cerveja-puro-malte-spaten-long-neck-330ml/1000050531
2026-07-14 12:05:27,Sonda Delivery,Spaten,Cerveja puro malte munich helles Spaten garrafa 600ml,1,600ml,"9,99","9,99",https://www.sondadelivery.com.br/delivery/produto/cerveja-puro-malte-munich-helles-spaten-garrafa-600ml/1000041988
2026-07-14 12:05:27,Sam's Club,Heineken,Cerveja Lager Heineken Pack 6 Long Neck 330ml cada,6,330ml,"41,98","7,00",https://www.samsclub.com.br/produto/cerveja-lager-heineken-pack-6-long-neck-330ml-cada-75204
2026-07-14 12:05:27,Sam's Club,Heineken,Cerveja Heineken Long Neck 6x250ml,1,250ml,"31,98","31,98",https://www.samsclub.com.br/produto/cerveja-heineken-long-neck-6x250ml-145582
2026-07-14 12:05:27,Sam's Club,Heineken,Cerveja Heineken Zero Álcool Sleek Pack 12 Latas 350ml Cada,12,350ml,"68,48","5,71",https://www.samsclub.com.br/produto/cerveja-heineken-zero-alcool-sleek-pack-12-latas-350ml-cada-125881
2026-07-14 12:05:27,Sam's Club,Heineken,Cerveja Lager Premium Puro Malte Zero Álcool Heineken Pack com 6 Unidades 330ml Cada,6,330ml,"39,98","6,66",https://www.samsclub.com.br/produto/cerveja-lager-premium-puro-malte-zero-alcool-heineken-pack-com-6-unidades-330ml-cada-82693
2026-07-14 12:05:27,Sam's Club,Heineken,Cerveja Lager Chopp Premium Heineken Barril 5l,1,,"109,98","109,98",https://www.samsclub.com.br/produto/cerveja-lager-chopp-premium-heineken-barril-5l-75207
2026-07-14 12:05:27,Sam's Club,Heineken,Cerveja Heineken Sleek Pack 12 Latas 350ml Cada,12,350ml,"68,48","5,71",https://www.samsclub.com.br/produto/cerveja-heineken-sleek-pack-12-latas-350ml-cada-125889
2026-07-14 12:05:27,Sam's Club,Heineken,Cerveja Heineken Pack 8 Latas 269ml Cada,8,269ml,"36,98","4,62",https://www.samsclub.com.br/produto/cerveja-heineken-pack-8-latas-269ml-cada-112320
2026-07-14 12:05:27,Sam's Club,Heineken,Cerveja Lager Heineken Garrafa 600ml,1,600ml,"13,48","13,48",https://www.samsclub.com.br/produto/cerveja-lager-heineken-garrafa-600ml-75205
2026-07-14 12:05:27,Sam's Club,Michelob,Cerveja Michelob Ultra Pack 6 Garrafas 330ml Cada,6,330ml,"38,98","6,50",https://www.samsclub.com.br/produto/cerveja-michelob-ultra-pack-6-garrafas-330ml-cada-112315
2026-07-14 12:05:27,Sam's Club,Spaten,Cerveja Spaten Munich Puro Malte Pack 8 Latas 269ml Cada,8,269ml,"23,98","3,00",https://www.samsclub.com.br/produto/cerveja-spaten-munich-puro-malte-pack-8-latas-269ml-cada-117349
2026-07-14 12:05:27,Sam's Club,Heineken,Cerveja Heineken Zero Álcool Pack 8 Latas 269ml Cada,8,269ml,"36,98","4,62",https://www.samsclub.com.br/produto/cerveja-heineken-zero-alcool-pack-8-latas-269ml-cada-134556
2026-07-14 12:05:27,Sam's Club,Spaten,Cerveja Munich Helles Puro Malte Spaten Garrafa 600ml,1,600ml,"9,98","9,98",https://www.samsclub.com.br/produto/cerveja-munich-helles-puro-malte-spaten-garrafa-600ml-111591
2026-07-14 12:05:27,Sam's Club,Heineken,Cerveja Heineken Ultimate Long Neck 6x330ml,1,330ml,"43,74","43,74",https://www.samsclub.com.br/produto/cerveja-heineken-ultimate-long-neck-6x330ml-149383
2026-07-15 12:09:54,Sonda Delivery,Heineken,Cerveja Heineken lata 269ml,1,269ml,"5,49","5,49",https://www.sondadelivery.com.br/delivery/produto/cerveja-heineken-lata-269ml/1000042610
2026-07-15 12:09:54,Sonda Delivery,Heineken,Cerveja Heineken long neck 250ml,1,250ml,"6,59","6,59",https://www.sondadelivery.com.br/delivery/produto/cerveja-heineken-long-neck-250ml/1000007927
2026-07-15 12:09:54,Sonda Delivery,Heineken,Cerveja Lager Heineken 350ml,1,350ml,"6,81","6,81",https://www.sondadelivery.com.br/delivery/produto/cerveja-lager-heineken-350ml/1000007872
2026-07-15 12:09:54,Sonda Delivery,Heineken,Cerveja Lager Puro Malte sem Glúten Heineken Ultimate Garrafa 330ml,1,330ml,"8,02","8,02",https://www.sondadelivery.com.br/delivery/produto/cerveja-lager-puro-malte-sem-gluten-heineken-ultimate-garrafa-330ml/1000056064
2026-07-15 12:09:54,Sonda Delivery,Heineken,Cerveja Lager Zero Álcool Heineken Lata 350ml,1,350ml,"6,81","6,81",https://www.sondadelivery.com.br/delivery/produto/cerveja-lager-zero-alcool-heineken-lata-350ml/1000034754
2026-07-15 12:09:54,Sonda Delivery,Heineken,Cerveja Heineken long neck 330ml,1,330ml,"8,02","8,02",https://www.sondadelivery.com.br/delivery/produto/cerveja-heineken-long-neck-330ml/1000008685
2026-07-15 12:09:54,Sonda Delivery,Heineken,"Cerveja 0,0% álcool Heineken lata 269ml",1,269ml,"5,49","5,49",https://www.sondadelivery.com.br/delivery/produto/cerveja-00-alcool-heineken-lata-269ml/1000045527
2026-07-15 12:09:54,Sonda Delivery,Heineken,"Cerveja 0,0% álcool Heineken long neck 330ml",1,330ml,"8,02","8,02",https://www.sondadelivery.com.br/delivery/produto/cerveja-00-alcool-heineken-long-neck-330ml/1000034755
2026-07-15 12:09:54,Sonda Delivery,Heineken,Cerveja Heineken long neck 600ml,1,600ml,"15,28","15,28",https://www.sondadelivery.com.br/delivery/produto/cerveja-heineken-long-neck-600ml/1000007926
2026-07-15 12:09:54,Sonda Delivery,Spaten,Cerveja munich helles Spaten lata 269ml,1,269ml,"3,79","3,79",https://www.sondadelivery.com.br/delivery/produto/cerveja-munich-helles-spaten-lata-269ml/1000043131
2026-07-15 12:09:54,Sonda Delivery,Spaten,Cerveja munich puro malte Spaten lata 350ml,1,350ml,"4,89","4,89",https://www.sondadelivery.com.br/delivery/produto/cerveja-munich-puro-malte-spaten-lata-350ml/1000039001
2026-07-15 12:09:54,Sonda Delivery,Spaten,Cerveja puro malte Spaten long neck 330ml,1,330ml,"5,99","5,99",https://www.sondadelivery.com.br/delivery/produto/cerveja-puro-malte-spaten-long-neck-330ml/1000050531
2026-07-15 12:09:54,Sonda Delivery,Spaten,Cerveja puro malte munich helles Spaten garrafa 600ml,1,600ml,"9,99","9,99",https://www.sondadelivery.com.br/delivery/produto/cerveja-puro-malte-munich-helles-spaten-garrafa-600ml/1000041988
2026-07-15 12:09:54,Sonda Delivery,Michelob,Cerveja ultra Michelob lata 350ml,1,350ml,"5,82","5,82",https://www.sondadelivery.com.br/delivery/produto/cerveja-ultra-michelob-lata-350ml/1000040890
2026-07-15 12:09:54,Sam's Club,Heineken,Cerveja Lager Heineken Pack 6 Long Neck 330ml cada,6,330ml,"41,98","7,00",https://www.samsclub.com.br/produto/cerveja-lager-heineken-pack-6-long-neck-330ml-cada-75204
2026-07-15 12:09:54,Sam's Club,Heineken,Cerveja Heineken Long Neck 6x250ml,1,250ml,"31,98","31,98",https://www.samsclub.com.br/produto/cerveja-heineken-long-neck-6x250ml-145582
2026-07-15 12:09:54,Sam's Club,Heineken,Cerveja Heineken Zero Álcool Sleek Pack 12 Latas 350ml Cada,12,350ml,"68,48","5,71",https://www.samsclub.com.br/produto/cerveja-heineken-zero-alcool-sleek-pack-12-latas-350ml-cada-125881
2026-07-15 12:09:54,Sam's Club,Heineken,Cerveja Lager Premium Puro Malte Zero Álcool Heineken Pack com 6 Unidades 330ml Cada,6,330ml,"39,98","6,66",https://www.samsclub.com.br/produto/cerveja-lager-premium-puro-malte-zero-alcool-heineken-pack-com-6-unidades-330ml-cada-82693
2026-07-15 12:09:54,Sam's Club,Heineken,Cerveja Lager Chopp Premium Heineken Barril 5l,1,,"109,98","109,98",https://www.samsclub.com.br/produto/cerveja-lager-chopp-premium-heineken-barril-5l-75207
2026-07-15 12:09:54,Sam's Club,Heineken,Cerveja Heineken Sleek Pack 12 Latas 350ml Cada,12,350ml,"68,48","5,71",https://www.samsclub.com.br/produto/cerveja-heineken-sleek-pack-12-latas-350ml-cada-125889
2026-07-15 12:09:54,Sam's Club,Heineken,Cerveja Heineken Pack 8 Latas 269ml Cada,8,269ml,"36,98","4,62",https://www.samsclub.com.br/produto/cerveja-heineken-pack-8-latas-269ml-cada-112320
2026-07-15 12:09:54,Sam's Club,Heineken,Cerveja Lager Heineken Garrafa 600ml,1,600ml,"13,48","13,48",https://www.samsclub.com.br/produto/cerveja-lager-heineken-garrafa-600ml-75205
2026-07-15 12:09:54,Sam's Club,Michelob,Cerveja Michelob Ultra Pack 6 Garrafas 330ml Cada,6,330ml,"38,98","6,50",https://www.samsclub.com.br/produto/cerveja-michelob-ultra-pack-6-garrafas-330ml-cada-112315
2026-07-15 12:09:54,Sam's Club,Spaten,Cerveja Spaten Munich Puro Malte Pack 8 Latas 269ml Cada,8,269ml,"23,98","3,00",https://www.samsclub.com.br/produto/cerveja-spaten-munich-puro-malte-pack-8-latas-269ml-cada-117349
2026-07-15 12:09:54,Sam's Club,Heineken,Cerveja Heineken Zero Álcool Pack 8 Latas 269ml Cada,8,269ml,"36,98","4,62",https://www.samsclub.com.br/produto/cerveja-heineken-zero-alcool-pack-8-latas-269ml-cada-134556
2026-07-15 12:09:54,Sam's Club,Spaten,Cerveja Munich Helles Puro Malte Spaten Garrafa 600ml,1,600ml,"9,98","9,98",https://www.samsclub.com.br/produto/cerveja-munich-helles-puro-malte-spaten-garrafa-600ml-111591
2026-07-15 12:09:54,Sam's Club,Heineken,Cerveja Heineken Ultimate Long Neck 6x330ml,1,330ml,"43,74","43,74",https://www.samsclub.com.br/produto/cerveja-heineken-ultimate-long-neck-6x330ml-149383
2026-07-15 13:10:00,Sonda Delivery,Heineken,Cerveja Heineken lata 269ml,1,269ml,"5,49","5,49",https://www.sondadelivery.com.br/delivery/produto/cerveja-heineken-lata-269ml/1000042610
2026-07-15 13:10:00,Sonda Delivery,Heineken,Cerveja Heineken long neck 250ml,1,250ml,"6,59","6,59",https://www.sondadelivery.com.br/delivery/produto/cerveja-heineken-long-neck-250ml/1000007927
2026-07-15 13:10:00,Sonda Delivery,Heineken,Cerveja Lager Heineken 350ml,1,350ml,"6,81","6,81",https://www.sondadelivery.com.br/delivery/produto/cerveja-lager-heineken-350ml/1000007872
2026-07-15 13:10:00,Sonda Delivery,Heineken,Cerveja Lager Puro Malte sem Glúten Heineken Ultimate Garrafa 330ml,1,330ml,"8,02","8,02",https://www.sondadelivery.com.br/delivery/produto/cerveja-lager-puro-malte-sem-gluten-heineken-ultimate-garrafa-330ml/1000056064
2026-07-15 13:10:00,Sonda Delivery,Heineken,Cerveja Lager Zero Álcool Heineken Lata 350ml,1,350ml,"6,81","6,81",https://www.sondadelivery.com.br/delivery/produto/cerveja-lager-zero-alcool-heineken-lata-350ml/1000034754
2026-07-15 13:10:00,Sonda Delivery,Heineken,Cerveja Heineken long neck 330ml,1,330ml,"8,02","8,02",https://www.sondadelivery.com.br/delivery/produto/cerveja-heineken-long-neck-330ml/1000008685
2026-07-15 13:10:00,Sonda Delivery,Heineken,"Cerveja 0,0% álcool Heineken lata 269ml",1,269ml,"5,49","5,49",https://www.sondadelivery.com.br/delivery/produto/cerveja-00-alcool-heineken-lata-269ml/1000045527
2026-07-15 13:10:00,Sonda Delivery,Heineken,"Cerveja 0,0% álcool Heineken long neck 330ml",1,330ml,"8,02","8,02",https://www.sondadelivery.com.br/delivery/produto/cerveja-00-alcool-heineken-long-neck-330ml/1000034755
2026-07-15 13:10:00,Sonda Delivery,Heineken,Cerveja Heineken long neck 600ml,1,600ml,"15,28","15,28",https://www.sondadelivery.com.br/delivery/produto/cerveja-heineken-long-neck-600ml/1000007926
2026-07-15 13:10:00,Sonda Delivery,Spaten,Cerveja munich helles Spaten lata 269ml,1,269ml,"3,79","3,79",https://www.sondadelivery.com.br/delivery/produto/cerveja-munich-helles-spaten-lata-269ml/1000043131
2026-07-15 13:10:00,Sonda Delivery,Spaten,Cerveja munich puro malte Spaten lata 350ml,1,350ml,"4,89","4,89",https://www.sondadelivery.com.br/delivery/produto/cerveja-munich-puro-malte-spaten-lata-350ml/1000039001
2026-07-15 13:10:00,Sonda Delivery,Spaten,Cerveja puro malte Spaten long neck 330ml,1,330ml,"5,99","5,99",https://www.sondadelivery.com.br/delivery/produto/cerveja-puro-malte-spaten-long-neck-330ml/1000050531
2026-07-15 13:10:00,Sonda Delivery,Spaten,Cerveja puro malte munich helles Spaten garrafa 600ml,1,600ml,"9,99","9,99",https://www.sondadelivery.com.br/delivery/produto/cerveja-puro-malte-munich-helles-spaten-garrafa-600ml/1000041988
2026-07-15 13:10:00,Sonda Delivery,Michelob,Cerveja ultra Michelob lata 350ml,1,350ml,"5,82","5,82",https://www.sondadelivery.com.br/delivery/produto/cerveja-ultra-michelob-lata-350ml/1000040890
2026-07-15 13:10:00,Sonda Delivery,Stella Artois,Cerveja Stella Artois lata 350ml,1,350ml,"4,59","4,59",https://www.sondadelivery.com.br/delivery/produto/cerveja-stella-artois-lata-350ml/1000032690
2026-07-15 13:10:00,Sonda Delivery,Stella Artois,Cerveja pure gold Stella Artois lata 350ml,1,350ml,"5,89","5,89",https://www.sondadelivery.com.br/delivery/produto/cerveja-pure-gold-stella-artois-lata-350ml/1000048737
2026-07-15 13:10:00,Sonda Delivery,Stella Artois,Cerveja pure gold Stella Artois long neck 330ml,1,330ml,"7,39","7,39",https://www.sondadelivery.com.br/delivery/produto/cerveja-pure-gold-stella-artois-long-neck-330ml/1000047453
2026-07-15 13:10:00,Sonda Delivery,Stella Artois,Cerveja Stella Artois lata 269ml,1,269ml,"4,39","4,39",https://www.sondadelivery.com.br/delivery/produto/cerveja-stella-artois-lata-269ml/1000029439
2026-07-15 13:10:00,Sonda Delivery,Stella Artois,Cerveja Stella Artois long neck 330ml,1,330ml,"6,89","6,89",https://www.sondadelivery.com.br/delivery/produto/cerveja-stella-artois-long-neck-330ml/1000032348
2026-07-15 13:10:00,Sonda Delivery,Stella Artois,Cerveja pure gold Stella Artois lata 269ml,1,269ml,"5,05","5,05",https://www.sondadelivery.com.br/delivery/produto/cerveja-pure-gold-stella-artois-lata-269ml/1000049712
2026-07-15 13:10:00,Sam's Club,Heineken,Cerveja Lager Heineken Pack 6 Long Neck 330ml cada,6,330ml,"41,98","7,00",https://www.samsclub.com.br/produto/cerveja-lager-heineken-pack-6-long-neck-330ml-cada-75204
2026-07-15 13:10:00,Sam's Club,Stella Artois,Cerveja Puro Malte Pure Gold sem Glúten Stella Artois Lata 8x269ml,1,269ml,"33,48","33,48",https://www.samsclub.com.br/produto/cerveja-puro-malte-pure-gold-sem-gluten-stella-artois-lata-8x269ml-139868
2026-07-15 13:10:00,Sam's Club,Stella Artois,Cerveja Puro Malte Pure Gold Stella Artois Lata 8x350ml,1,350ml,"46,48","46,48",https://www.samsclub.com.br/produto/cerveja-puro-malte-pure-gold-stella-artois-lata-8x350ml-139907
2026-07-15 13:10:00,Sam's Club,Heineken,Cerveja Heineken Long Neck 6x250ml,1,250ml,"31,98","31,98",https://www.samsclub.com.br/produto/cerveja-heineken-long-neck-6x250ml-145582
2026-07-15 13:10:00,Sam's Club,Heineken,Cerveja Heineken Zero Álcool Sleek Pack 12 Latas 350ml Cada,12,350ml,"68,48","5,71",https://www.samsclub.com.br/produto/cerveja-heineken-zero-alcool-sleek-pack-12-latas-350ml-cada-125881
2026-07-15 13:10:00,Sam's Club,Heineken,Cerveja Lager Premium Puro Malte Zero Álcool Heineken Pack com 6 Unidades 330ml Cada,6,330ml,"39,98","6,66",https://www.samsclub.com.br/produto/cerveja-lager-premium-puro-malte-zero-alcool-heineken-pack-com-6-unidades-330ml-cada-82693
2026-07-15 13:10:00,Sam's Club,Heineken,Cerveja Lager Chopp Premium Heineken Barril 5l,1,,"109,98","109,98",https://www.samsclub.com.br/produto/cerveja-lager-chopp-premium-heineken-barril-5l-75207
2026-07-15 13:10:00,Sam's Club,Heineken,Cerveja Heineken Sleek Pack 12 Latas 350ml Cada,12,350ml,"68,48","5,71",https://www.samsclub.com.br/produto/cerveja-heineken-sleek-pack-12-latas-350ml-cada-125889
2026-07-15 13:10:00,Sam's Club,Heineken,Cerveja Heineken Pack 8 Latas 269ml Cada,8,269ml,"36,98","4,62",https://www.samsclub.com.br/produto/cerveja-heineken-pack-8-latas-269ml-cada-112320
2026-07-15 13:10:00,Sam's Club,Stella Artois,Cerveja Stella Artois Gold Pack 6 Long Neck 330ml Cada,6,330ml,"40,48","6,75",https://www.samsclub.com.br/produto/cerveja-stella-artois-gold-pack-6-long-neck-330ml-cada-133998
2026-07-15 13:10:00,Sam's Club,Heineken,Cerveja Lager Heineken Garrafa 600ml,1,600ml,"13,48","13,48",https://www.samsclub.com.br/produto/cerveja-lager-heineken-garrafa-600ml-75205
2026-07-15 13:10:00,Sam's Club,Michelob,Cerveja Michelob Ultra Pack 6 Garrafas 330ml Cada,6,330ml,"38,98","6,50",https://www.samsclub.com.br/produto/cerveja-michelob-ultra-pack-6-garrafas-330ml-cada-112315
2026-07-15 13:10:00,Sam's Club,Spaten,Cerveja Spaten Munich Puro Malte Pack 8 Latas 269ml Cada,8,269ml,"23,98","3,00",https://www.samsclub.com.br/produto/cerveja-spaten-munich-puro-malte-pack-8-latas-269ml-cada-117349
2026-07-15 13:10:00,Sam's Club,Heineken,Cerveja Heineken Zero Álcool Pack 8 Latas 269ml Cada,8,269ml,"36,98","4,62",https://www.samsclub.com.br/produto/cerveja-heineken-zero-alcool-pack-8-latas-269ml-cada-134556
2026-07-15 13:10:00,Sam's Club,Stella Artois,Cerveja Puro Malte Stella Artois Belgium Garrafa 600ml,1,600ml,"9,98","9,98",https://www.samsclub.com.br/produto/cerveja-puro-malte-stella-artois-belgium-garrafa-600ml-111828
2026-07-15 13:10:00,Sam's Club,Stella Artois,Cerveja Pilsen Lager Premium Stella Artois Pack 6 Garrafas 330ml Cada,6,330ml,"40,48","6,75",https://www.samsclub.com.br/produto/cerveja-pilsen-lager-premium-stella-artois-pack-6-garrafas-330ml-cada-75280
2026-07-15 13:10:00,Sam's Club,Spaten,Cerveja Munich Helles Puro Malte Spaten Garrafa 600ml,1,600ml,"9,98","9,98",https://www.samsclub.com.br/produto/cerveja-munich-helles-puro-malte-spaten-garrafa-600ml-111591
2026-07-15 13:10:00,Sam's Club,Heineken,Cerveja Heineken Ultimate Long Neck 6x330ml,1,330ml,"43,74","43,74",https://www.samsclub.com.br/produto/cerveja-heineken-ultimate-long-neck-6x330ml-149383
2026-07-16 12:14:57,Sonda Delivery,Heineken,Cerveja Heineken lata 269ml,1,269ml,"5,49","5,49",https://www.sondadelivery.com.br/delivery/produto/cerveja-heineken-lata-269ml/1000042610
2026-07-16 12:14:57,Sonda Delivery,Heineken,Cerveja Lager Heineken 350ml,1,350ml,"6,81","6,81",https://www.sondadelivery.com.br/delivery/produto/cerveja-lager-heineken-350ml/1000007872
2026-07-16 12:14:57,Sonda Delivery,Heineken,Cerveja Heineken long neck 250ml,1,250ml,"6,59","6,59",https://www.sondadelivery.com.br/delivery/produto/cerveja-heineken-long-neck-250ml/1000007927
2026-07-16 12:14:57,Sonda Delivery,Heineken,Cerveja Lager Zero Álcool Heineken Lata 350ml,1,350ml,"6,81","6,81",https://www.sondadelivery.com.br/delivery/produto/cerveja-lager-zero-alcool-heineken-lata-350ml/1000034754
2026-07-16 12:14:57,Sonda Delivery,Heineken,"Cerveja 0,0% álcool Heineken lata 269ml",1,269ml,"5,49","5,49",https://www.sondadelivery.com.br/delivery/produto/cerveja-00-alcool-heineken-lata-269ml/1000045527
2026-07-16 12:14:57,Sonda Delivery,Heineken,Cerveja Heineken long neck 330ml,1,330ml,"8,02","8,02",https://www.sondadelivery.com.br/delivery/produto/cerveja-heineken-long-neck-330ml/1000008685
2026-07-16 12:14:57,Sonda Delivery,Heineken,Cerveja Lager Puro Malte sem Glúten Heineken Ultimate Garrafa 330ml,1,330ml,"8,02","8,02",https://www.sondadelivery.com.br/delivery/produto/cerveja-lager-puro-malte-sem-gluten-heineken-ultimate-garrafa-330ml/1000056064
2026-07-16 12:14:57,Sonda Delivery,Heineken,"Cerveja 0,0% álcool Heineken long neck 330ml",1,330ml,"8,02","8,02",https://www.sondadelivery.com.br/delivery/produto/cerveja-00-alcool-heineken-long-neck-330ml/1000034755
2026-07-16 12:14:57,Sonda Delivery,Heineken,Cerveja Heineken long neck 600ml,1,600ml,"15,28","15,28",https://www.sondadelivery.com.br/delivery/produto/cerveja-heineken-long-neck-600ml/1000007926
2026-07-16 12:14:57,Sonda Delivery,Spaten,Cerveja munich puro malte Spaten lata 350ml,1,350ml,"4,89","4,89",https://www.sondadelivery.com.br/delivery/produto/cerveja-munich-puro-malte-spaten-lata-350ml/1000039001
2026-07-16 12:14:57,Sonda Delivery,Spaten,Cerveja munich helles Spaten lata 269ml,1,269ml,"3,79","3,79",https://www.sondadelivery.com.br/delivery/produto/cerveja-munich-helles-spaten-lata-269ml/1000043131
2026-07-16 12:14:57,Sonda Delivery,Spaten,Cerveja puro malte munich helles Spaten garrafa 600ml,1,600ml,"9,99","9,99",https://www.sondadelivery.com.br/delivery/produto/cerveja-puro-malte-munich-helles-spaten-garrafa-600ml/1000041988
2026-07-16 12:14:57,Sonda Delivery,Spaten,Cerveja puro malte Spaten long neck 330ml,1,330ml,"5,99","5,99",https://www.sondadelivery.com.br/delivery/produto/cerveja-puro-malte-spaten-long-neck-330ml/1000050531
2026-07-16 12:14:57,Sonda Delivery,Michelob,Cerveja ultra Michelob lata 350ml,1,350ml,"4,49","4,49",https://www.sondadelivery.com.br/delivery/produto/cerveja-ultra-michelob-lata-350ml/1000040890
2026-07-16 12:14:57,Sonda Delivery,Stella Artois,Cerveja pure gold Stella Artois lata 350ml,1,350ml,"5,89","5,89",https://www.sondadelivery.com.br/delivery/produto/cerveja-pure-gold-stella-artois-lata-350ml/1000048737
2026-07-16 12:14:57,Sonda Delivery,Stella Artois,Cerveja Stella Artois lata 350ml,1,350ml,"5,49","5,49",https://www.sondadelivery.com.br/delivery/produto/cerveja-stella-artois-lata-350ml/1000032690
2026-07-16 12:14:57,Sonda Delivery,Stella Artois,Cerveja Stella Artois lata 269ml,1,269ml,"4,39","4,39",https://www.sondadelivery.com.br/delivery/produto/cerveja-stella-artois-lata-269ml/1000029439
2026-07-16 12:14:57,Sonda Delivery,Stella Artois,Cerveja Stella Artois long neck 330ml,1,330ml,"6,89","6,89",https://www.sondadelivery.com.br/delivery/produto/cerveja-stella-artois-long-neck-330ml/1000032348
2026-07-16 12:14:57,Sonda Delivery,Stella Artois,Cerveja pure gold Stella Artois lata 269ml,1,269ml,"5,05","5,05",https://www.sondadelivery.com.br/delivery/produto/cerveja-pure-gold-stella-artois-lata-269ml/1000049712
2026-07-16 12:14:57,Sam's Club,Heineken,Cerveja Lager Heineken Pack 6 Long Neck 330ml cada,6,330ml,"41,98","7,00",https://www.samsclub.com.br/produto/cerveja-lager-heineken-pack-6-long-neck-330ml-cada-75204
2026-07-16 12:14:57,Sam's Club,Stella Artois,Cerveja Puro Malte Pure Gold sem Glúten Stella Artois Lata 8x269ml,1,269ml,"33,48","33,48",https://www.samsclub.com.br/produto/cerveja-puro-malte-pure-gold-sem-gluten-stella-artois-lata-8x269ml-139868
2026-07-16 12:14:57,Sam's Club,Stella Artois,Cerveja Puro Malte Pure Gold Stella Artois Lata 8x350ml,1,350ml,"46,48","46,48",https://www.samsclub.com.br/produto/cerveja-puro-malte-pure-gold-stella-artois-lata-8x350ml-139907
2026-07-16 12:14:57,Sam's Club,Heineken,Cerveja Heineken Long Neck 6x250ml,1,250ml,"31,98","31,98",https://www.samsclub.com.br/produto/cerveja-heineken-long-neck-6x250ml-145582
2026-07-16 12:14:57,Sam's Club,Heineken,Cerveja Heineken Zero Álcool Sleek Pack 12 Latas 350ml Cada,12,350ml,"68,48","5,71",https://www.samsclub.com.br/produto/cerveja-heineken-zero-alcool-sleek-pack-12-latas-350ml-cada-125881
2026-07-16 12:14:57,Sam's Club,Heineken,Cerveja Lager Premium Puro Malte Zero Álcool Heineken Pack com 6 Unidades 330ml Cada,6,330ml,"39,98","6,66",https://www.samsclub.com.br/produto/cerveja-lager-premium-puro-malte-zero-alcool-heineken-pack-com-6-unidades-330ml-cada-82693
2026-07-16 12:14:57,Sam's Club,Heineken,Cerveja Lager Chopp Premium Heineken Barril 5l,1,,"109,98","109,98",https://www.samsclub.com.br/produto/cerveja-lager-chopp-premium-heineken-barril-5l-75207
2026-07-16 12:14:57,Sam's Club,Heineken,Cerveja Heineken Sleek Pack 12 Latas 350ml Cada,12,350ml,"68,48","5,71",https://www.samsclub.com.br/produto/cerveja-heineken-sleek-pack-12-latas-350ml-cada-125889
2026-07-16 12:14:57,Sam's Club,Heineken,Cerveja Heineken Pack 8 Latas 269ml Cada,8,269ml,"36,98","4,62",https://www.samsclub.com.br/produto/cerveja-heineken-pack-8-latas-269ml-cada-112320
2026-07-16 12:14:57,Sam's Club,Stella Artois,Cerveja Stella Artois Gold Pack 6 Long Neck 330ml Cada,6,330ml,"40,48","6,75",https://www.samsclub.com.br/produto/cerveja-stella-artois-gold-pack-6-long-neck-330ml-cada-133998
2026-07-16 12:14:57,Sam's Club,Michelob,Cerveja Michelob Ultra Pack 6 Garrafas 330ml Cada,6,330ml,"34,14","5,69",https://www.samsclub.com.br/produto/cerveja-michelob-ultra-pack-6-garrafas-330ml-cada-112315
2026-07-16 12:14:57,Sam's Club,Heineken,Cerveja Lager Heineken Garrafa 600ml,1,600ml,"13,48","13,48",https://www.samsclub.com.br/produto/cerveja-lager-heineken-garrafa-600ml-75205
2026-07-16 12:14:57,Sam's Club,Spaten,Cerveja Spaten Munich Puro Malte Pack 8 Latas 269ml Cada,8,269ml,"23,98","3,00",https://www.samsclub.com.br/produto/cerveja-spaten-munich-puro-malte-pack-8-latas-269ml-cada-117349
2026-07-16 12:14:57,Sam's Club,Heineken,Cerveja Heineken Zero Álcool Pack 8 Latas 269ml Cada,8,269ml,"36,98","4,62",https://www.samsclub.com.br/produto/cerveja-heineken-zero-alcool-pack-8-latas-269ml-cada-134556
2026-07-16 12:14:57,Sam's Club,Stella Artois,Cerveja Puro Malte Stella Artois Belgium Garrafa 600ml,1,600ml,"9,98","9,98",https://www.samsclub.com.br/produto/cerveja-puro-malte-stella-artois-belgium-garrafa-600ml-111828
2026-07-16 12:14:57,Sam's Club,Stella Artois,Cerveja Pilsen Lager Premium Stella Artois Pack 6 Garrafas 330ml Cada,6,330ml,"40,48","6,75",https://www.samsclub.com.br/produto/cerveja-pilsen-lager-premium-stella-artois-pack-6-garrafas-330ml-cada-75280
2026-07-16 12:14:57,Sam's Club,Spaten,Cerveja Munich Helles Puro Malte Spaten Garrafa 600ml,1,600ml,"9,98","9,98",https://www.samsclub.com.br/produto/cerveja-munich-helles-puro-malte-spaten-garrafa-600ml-111591
2026-07-16 12:14:57,Sam's Club,Heineken,Cerveja Heineken Ultimate Long Neck 6x330ml,1,330ml,"43,74","43,74",https://www.samsclub.com.br/produto/cerveja-heineken-ultimate-long-neck-6x330ml-149383
2026-07-17 12:02:34,Sonda Delivery,Heineken,Cerveja Heineken lata 269ml,1,269ml,"5,49","5,49",https://www.sondadelivery.com.br/delivery/produto/cerveja-heineken-lata-269ml/1000042610
2026-07-17 12:02:34,Sonda Delivery,Heineken,Cerveja Lager Heineken 350ml,1,350ml,"6,81","6,81",https://www.sondadelivery.com.br/delivery/produto/cerveja-lager-heineken-350ml/1000007872
2026-07-17 12:02:34,Sonda Delivery,Heineken,Cerveja Heineken long neck 250ml,1,250ml,"6,59","6,59",https://www.sondadelivery.com.br/delivery/produto/cerveja-heineken-long-neck-250ml/1000007927
2026-07-17 12:02:34,Sonda Delivery,Heineken,Cerveja Heineken long neck 330ml,1,330ml,"8,02","8,02",https://www.sondadelivery.com.br/delivery/produto/cerveja-heineken-long-neck-330ml/1000008685
2026-07-17 12:02:34,Sonda Delivery,Heineken,Cerveja Lager Puro Malte sem Glúten Heineken Ultimate Garrafa 330ml,1,330ml,"8,02","8,02",https://www.sondadelivery.com.br/delivery/produto/cerveja-lager-puro-malte-sem-gluten-heineken-ultimate-garrafa-330ml/1000056064
2026-07-17 12:02:34,Sonda Delivery,Heineken,"Cerveja 0,0% álcool Heineken lata 269ml",1,269ml,"5,49","5,49",https://www.sondadelivery.com.br/delivery/produto/cerveja-00-alcool-heineken-lata-269ml/1000045527
2026-07-17 12:02:34,Sonda Delivery,Heineken,Cerveja Lager Zero Álcool Heineken Lata 350ml,1,350ml,"6,81","6,81",https://www.sondadelivery.com.br/delivery/produto/cerveja-lager-zero-alcool-heineken-lata-350ml/1000034754
2026-07-17 12:02:34,Sonda Delivery,Heineken,"Cerveja 0,0% álcool Heineken long neck 330ml",1,330ml,"8,02","8,02",https://www.sondadelivery.com.br/delivery/produto/cerveja-00-alcool-heineken-long-neck-330ml/1000034755
2026-07-17 12:02:34,Sonda Delivery,Heineken,Cerveja Heineken long neck 600ml,1,600ml,"15,28","15,28",https://www.sondadelivery.com.br/delivery/produto/cerveja-heineken-long-neck-600ml/1000007926
2026-07-17 12:02:34,Sonda Delivery,Spaten,Cerveja munich puro malte Spaten lata 350ml,1,350ml,"4,89","4,89",https://www.sondadelivery.com.br/delivery/produto/cerveja-munich-puro-malte-spaten-lata-350ml/1000039001
2026-07-17 12:02:34,Sonda Delivery,Spaten,Cerveja munich helles Spaten lata 269ml,1,269ml,"3,79","3,79",https://www.sondadelivery.com.br/delivery/produto/cerveja-munich-helles-spaten-lata-269ml/1000043131
2026-07-17 12:02:34,Sonda Delivery,Spaten,Cerveja puro malte Spaten long neck 330ml,1,330ml,"5,99","5,99",https://www.sondadelivery.com.br/delivery/produto/cerveja-puro-malte-spaten-long-neck-330ml/1000050531
2026-07-17 12:02:34,Sonda Delivery,Michelob,Cerveja ultra Michelob lata 350ml,1,350ml,"4,49","4,49",https://www.sondadelivery.com.br/delivery/produto/cerveja-ultra-michelob-lata-350ml/1000040890
2026-07-17 12:02:34,Sonda Delivery,Stella Artois,Cerveja pure gold Stella Artois lata 350ml,1,350ml,"5,89","5,89",https://www.sondadelivery.com.br/delivery/produto/cerveja-pure-gold-stella-artois-lata-350ml/1000048737
2026-07-17 12:02:34,Sonda Delivery,Stella Artois,Cerveja Stella Artois lata 350ml,1,350ml,"5,49","5,49",https://www.sondadelivery.com.br/delivery/produto/cerveja-stella-artois-lata-350ml/1000032690
2026-07-17 12:02:34,Sonda Delivery,Stella Artois,Cerveja Stella Artois lata 269ml,1,269ml,"4,39","4,39",https://www.sondadelivery.com.br/delivery/produto/cerveja-stella-artois-lata-269ml/1000029439
2026-07-17 12:02:34,Sonda Delivery,Stella Artois,Cerveja Stella Artois long neck 330ml,1,330ml,"6,89","6,89",https://www.sondadelivery.com.br/delivery/produto/cerveja-stella-artois-long-neck-330ml/1000032348
2026-07-17 12:02:34,Sam's Club,Heineken,Cerveja Lager Heineken Pack 6 Long Neck 330ml cada,6,330ml,"41,98","7,00",https://www.samsclub.com.br/produto/cerveja-lager-heineken-pack-6-long-neck-330ml-cada-75204
2026-07-17 12:02:34,Sam's Club,Stella Artois,Cerveja Puro Malte Pure Gold sem Glúten Stella Artois Lata 8x269ml,1,269ml,"33,48","33,48",https://www.samsclub.com.br/produto/cerveja-puro-malte-pure-gold-sem-gluten-stella-artois-lata-8x269ml-139868
2026-07-17 12:02:34,Sam's Club,Stella Artois,Cerveja Puro Malte Pure Gold Stella Artois Lata 8x350ml,1,350ml,"46,48","46,48",https://www.samsclub.com.br/produto/cerveja-puro-malte-pure-gold-stella-artois-lata-8x350ml-139907
2026-07-17 12:02:34,Sam's Club,Heineken,Cerveja Heineken Long Neck 6x250ml,1,250ml,"31,98","31,98",https://www.samsclub.com.br/produto/cerveja-heineken-long-neck-6x250ml-145582
2026-07-17 12:02:34,Sam's Club,Heineken,Cerveja Heineken Zero Álcool Sleek Pack 12 Latas 350ml Cada,12,350ml,"68,48","5,71",https://www.samsclub.com.br/produto/cerveja-heineken-zero-alcool-sleek-pack-12-latas-350ml-cada-125881
2026-07-17 12:02:34,Sam's Club,Heineken,Cerveja Lager Premium Puro Malte Zero Álcool Heineken Pack com 6 Unidades 330ml Cada,6,330ml,"39,98","6,66",https://www.samsclub.com.br/produto/cerveja-lager-premium-puro-malte-zero-alcool-heineken-pack-com-6-unidades-330ml-cada-82693
2026-07-17 12:02:34,Sam's Club,Heineken,Cerveja Heineken Sleek Pack 12 Latas 350ml Cada,12,350ml,"68,48","5,71",https://www.samsclub.com.br/produto/cerveja-heineken-sleek-pack-12-latas-350ml-cada-125889
2026-07-17 12:02:34,Sam's Club,Heineken,Cerveja Heineken Pack 8 Latas 269ml Cada,8,269ml,"36,98","4,62",https://www.samsclub.com.br/produto/cerveja-heineken-pack-8-latas-269ml-cada-112320
2026-07-17 12:02:34,Sam's Club,Stella Artois,Cerveja Stella Artois Gold Pack 6 Long Neck 330ml Cada,6,330ml,"40,48","6,75",https://www.samsclub.com.br/produto/cerveja-stella-artois-gold-pack-6-long-neck-330ml-cada-133998
2026-07-17 12:02:34,Sam's Club,Michelob,Cerveja Michelob Ultra Pack 6 Garrafas 330ml Cada,6,330ml,"34,14","5,69",https://www.samsclub.com.br/produto/cerveja-michelob-ultra-pack-6-garrafas-330ml-cada-112315
2026-07-17 12:02:34,Sam's Club,Heineken,Cerveja Lager Heineken Garrafa 600ml,1,600ml,"13,48","13,48",https://www.samsclub.com.br/produto/cerveja-lager-heineken-garrafa-600ml-75205
2026-07-17 12:02:34,Sam's Club,Spaten,Cerveja Spaten Munich Puro Malte Pack 8 Latas 269ml Cada,8,269ml,"23,98","3,00",https://www.samsclub.com.br/produto/cerveja-spaten-munich-puro-malte-pack-8-latas-269ml-cada-117349
2026-07-17 12:02:34,Sam's Club,Heineken,Cerveja Heineken Zero Álcool Pack 8 Latas 269ml Cada,8,269ml,"36,98","4,62",https://www.samsclub.com.br/produto/cerveja-heineken-zero-alcool-pack-8-latas-269ml-cada-134556
2026-07-17 12:02:34,Sam's Club,Stella Artois,Cerveja Puro Malte Stella Artois Belgium Garrafa 600ml,1,600ml,"9,98","9,98",https://www.samsclub.com.br/produto/cerveja-puro-malte-stella-artois-belgium-garrafa-600ml-111828
2026-07-17 12:02:34,Sam's Club,Stella Artois,Cerveja Pilsen Lager Premium Stella Artois Pack 6 Garrafas 330ml Cada,6,330ml,"35,94","5,99",https://www.samsclub.com.br/produto/cerveja-pilsen-lager-premium-stella-artois-pack-6-garrafas-330ml-cada-75280
2026-07-17 12:02:34,Sam's Club,Spaten,Cerveja Munich Helles Puro Malte Spaten Garrafa 600ml,1,600ml,"9,98","9,98",https://www.samsclub.com.br/produto/cerveja-munich-helles-puro-malte-spaten-garrafa-600ml-111591
2026-07-17 12:02:34,Sam's Club,Heineken,Cerveja Heineken Ultimate Long Neck 6x330ml,1,330ml,"43,74","43,74",https://www.samsclub.com.br/produto/cerveja-heineken-ultimate-long-neck-6x330ml-149383
